1;San Juan De Miraflores;activo;1;1;2/01/1900;3/01/1900
2;Miraflores;activo;1;1;2/01/1900;3/01/1900
3;SANTIAGO DE SURCO;activo;1;1;2/01/1900;3/01/1900
4;Canta;activo;1;5;2/01/1900;3/01/1900
5;Asia;activo;1;6;2/01/1900;3/01/1900
6;Manás ;activo;1;2;2/01/1900;3/01/1900
7;LIMA;activo;1;1;2/01/1900;3/01/1900
8;ANCON;activo;1;1;2/01/1900;3/01/1900
9;ATE;activo;1;1;2/01/1900;3/01/1900
10;BARRANCO;activo;1;1;2/01/1900;3/01/1900
11;BREnA;activo;1;1;2/01/1900;3/01/1900
12;CARABAYLLO;activo;1;1;2/01/1900;3/01/1900
13;CHACLACAYO;activo;1;1;2/01/1900;3/01/1900
14;CHORRILLOS;activo;1;1;2/01/1900;3/01/1900
15;CIENEGUILLA;activo;1;1;2/01/1900;3/01/1900
16;COMAS;activo;1;1;2/01/1900;3/01/1900
17;EL AGUSTINO;activo;1;1;2/01/1900;3/01/1900
18;INDEPENDENCIA;activo;1;1;2/01/1900;3/01/1900
19;JESUS MARIA;activo;1;1;2/01/1900;3/01/1900
20;LA MOLINA;activo;1;1;2/01/1900;3/01/1900
21;LA VICTORIA;activo;1;1;2/01/1900;3/01/1900
22;LINCE;activo;1;1;2/01/1900;3/01/1900
23;LOS OLIVOS;activo;1;1;2/01/1900;3/01/1900
24;CHOSICA;activo;1;1;2/01/1900;3/01/1900
25;LURIN;activo;1;1;2/01/1900;3/01/1900
26;MAGDALENA DEL MAR;activo;1;1;2/01/1900;3/01/1900
27;Pueblo Libre;activo;1;1;2/01/1900;3/01/1900
28;PACHACAMAC;activo;1;1;2/01/1900;3/01/1900
29;PUCUSANA;activo;1;1;2/01/1900;3/01/1900
30;PUENTE PIEDRA;activo;1;1;2/01/1900;3/01/1900
31;PUNTA HERMOSA;activo;1;1;2/01/1900;3/01/1900
32;PUNTA NEGRA;activo;1;1;2/01/1900;3/01/1900
33;RIMAC;activo;1;1;2/01/1900;3/01/1900
34;SAN BARTOLO;activo;1;1;2/01/1900;3/01/1900
35;SAN BORJA;activo;1;1;2/01/1900;3/01/1900
36;SAN ISIDRO;activo;1;1;2/01/1900;3/01/1900
37;SAN JUAN DE LURIGANCHO;activo;1;1;2/01/1900;3/01/1900
38;SAN LUIS;activo;1;1;2/01/1900;3/01/1900
39;SAN MARTIN DE PORRES;activo;1;1;2/01/1900;3/01/1900
40;SAN MIGUEL;activo;1;1;2/01/1900;3/01/1900
41;SANTA ANITA;activo;1;1;2/01/1900;3/01/1900
42;SANTA MARIA DEL MAR;activo;1;1;2/01/1900;3/01/1900
43;SANTA ROSA;activo;1;1;2/01/1900;3/01/1900
44;SURQUILLO;activo;1;1;2/01/1900;3/01/1900
45;VILLA EL SALVADOR;activo;1;1;2/01/1900;3/01/1900
46;VILLA MARIA DEL TRIUNFO;activo;1;1;2/01/1900;3/01/1900
47;CAJATAMBO;activo;1;2;2/01/1900;3/01/1900
48;COPA;activo;1;2;2/01/1900;3/01/1900
49;GORGOR;activo;1;2;2/01/1900;3/01/1900
50;HUANCAPON;activo;1;2;2/01/1900;3/01/1900
51;LA PECA (Bagua);activo;2;3;2/01/1900;3/01/1900
52;ARAMANGO;activo;2;3;2/01/1900;3/01/1900
53;COPALLIN;activo;2;3;2/01/1900;3/01/1900
54;EL PARCO;activo;2;3;2/01/1900;3/01/1900
55;IMAZA (Chiriaco);activo;2;3;2/01/1900;3/01/1900
56;HUARAZ;activo;3;4;2/01/1900;3/01/1900
57;COCHABAMBA;activo;3;4;2/01/1900;3/01/1900
58;COLCABAMBA;activo;3;4;2/01/1900;3/01/1900
59;HUANCHAY;activo;3;4;2/01/1900;3/01/1900
60;JANGAS;activo;3;4;2/01/1900;3/01/1900
61;LA LIBERTAD (Cajamarquilla);activo;3;4;2/01/1900;3/01/1900
62;OLLEROS;activo;3;4;2/01/1900;3/01/1900
63;PAMPAS;activo;3;4;2/01/1900;3/01/1900
64;PARIACOTO;activo;3;4;2/01/1900;3/01/1900
65;PIRA;activo;3;4;2/01/1900;3/01/1900
66;TARICA;activo;3;4;2/01/1900;3/01/1900
67;INDEPENDENCIA (Centenario);activo;3;4;2/01/1900;3/01/1900
68;ARAHUAY;activo;1;5;2/01/1900;3/01/1900
69;HUAMANTANGA;activo;1;5;2/01/1900;3/01/1900
70;HUAROS;activo;1;5;2/01/1900;3/01/1900
71;LACHAQUI;activo;1;5;2/01/1900;3/01/1900
72;SAN BUENAVENTURA;activo;1;5;2/01/1900;3/01/1900
73;SANTA ROSA DE QUIVES (Yangas);activo;1;5;2/01/1900;3/01/1900
74;SAN VICENTE DE CAnETE;activo;1;6;2/01/1900;3/01/1900
75;CALANGO;activo;1;6;2/01/1900;3/01/1900
76;CERRO AZUL;activo;1;6;2/01/1900;3/01/1900
77;CHILCA;activo;1;6;2/01/1900;3/01/1900
78;COAYLLO;activo;1;6;2/01/1900;3/01/1900
79;IMPERIAL;activo;1;6;2/01/1900;3/01/1900
80;LUNAHUANA;activo;1;6;2/01/1900;3/01/1900
81;MALA;activo;1;6;2/01/1900;3/01/1900
82;NUEVO IMPERIAL;activo;1;6;2/01/1900;3/01/1900
83;PACARAN;activo;1;6;2/01/1900;3/01/1900
84;QUILMANA;activo;1;6;2/01/1900;3/01/1900
85;SAN ANTONIO;activo;1;6;2/01/1900;3/01/1900
86;SAN LUIS;activo;1;6;2/01/1900;3/01/1900
87;SANTA CRUZ DE FLORES;activo;1;6;2/01/1900;3/01/1900
88;ZUnIGA;activo;1;6;2/01/1900;3/01/1900
89;BARRANCA;activo;1;7;2/01/1900;3/01/1900
90;PARAMONGA;activo;1;7;2/01/1900;3/01/1900
91;PATIVILCA;activo;1;7;2/01/1900;3/01/1900
92;SUPE;activo;1;7;2/01/1900;3/01/1900
93;SUPE PUERTO;activo;1;7;2/01/1900;3/01/1900
94;HUARAL;activo;1;8;2/01/1900;3/01/1900
95;ATAVILLOS ALTO (Pirca);activo;1;8;2/01/1900;3/01/1900
96;ATAVILLOS BAJO (Sn. Agustín de Huayapampa);activo;1;8;2/01/1900;3/01/1900
97;AUCALLAMA;activo;1;8;2/01/1900;3/01/1900
98;CHANCAY;activo;1;8;2/01/1900;3/01/1900
99;IHUARI;activo;1;8;2/01/1900;3/01/1900
100;LAMPIAN;activo;1;8;2/01/1900;3/01/1900
101;PACARAOS;activo;1;8;2/01/1900;3/01/1900
102;SAN MIGUEL DE ACOS (Acos);activo;1;8;2/01/1900;3/01/1900
103;SANTA CRUZ DE ANDAMARCA;activo;1;8;2/01/1900;3/01/1900
104;SUMBILCA;activo;1;8;2/01/1900;3/01/1900
105;VEINTISIETE DE NOVIEMBRE (Carac);activo;1;8;2/01/1900;3/01/1900
106;MATUCANA;activo;1;9;2/01/1900;3/01/1900
107;ANTIOQUIA;activo;1;9;2/01/1900;3/01/1900
108;CALLAHUANCA;activo;1;9;2/01/1900;3/01/1900
109;CARAMPOMA;activo;1;9;2/01/1900;3/01/1900
110;CHICLA;activo;1;9;2/01/1900;3/01/1900
111;CUENCA (Sn. José de los Chorrillos);activo;1;9;2/01/1900;3/01/1900
112;HUACHUPAMPA (Sn. Lorenzo de Huachupampa);activo;1;9;2/01/1900;3/01/1900
113;HUANZA;activo;1;9;2/01/1900;3/01/1900
114;HUAROCHIRI;activo;1;9;2/01/1900;3/01/1900
115;LAHUAYTAMBO;activo;1;9;2/01/1900;3/01/1900
116;LANGA;activo;1;9;2/01/1900;3/01/1900
117;LARAOS;activo;1;9;2/01/1900;3/01/1900
118;MARIATANA;activo;1;9;2/01/1900;3/01/1900
119;RICARDO PALMA;activo;1;9;2/01/1900;3/01/1900
120;SAN ANDRES DE TUPICOCHA;activo;1;9;2/01/1900;3/01/1900
121;SAN ANTONIO (Chaclla);activo;1;9;2/01/1900;3/01/1900
122;SAN BARTOLOME;activo;1;9;2/01/1900;3/01/1900
123;SAN DAMIAN;activo;1;9;2/01/1900;3/01/1900
124;SAN JUAN DE IRIS;activo;1;9;2/01/1900;3/01/1900
125;SAN JUAN DE TANTARANCHE;activo;1;9;2/01/1900;3/01/1900
126;SAN LORENZO DE QUINTI;activo;1;9;2/01/1900;3/01/1900
127;SAN MATEO;activo;1;9;2/01/1900;3/01/1900
128;SAN MATEO DE OTAO (Sn. Juan de Lanca);activo;1;9;2/01/1900;3/01/1900
129;SAN PEDRO DE CASTA;activo;1;9;2/01/1900;3/01/1900
130;SAN PEDRO DE HUANCAYRE (Sn. Pedro);activo;1;9;2/01/1900;3/01/1900
131;SANGALLAYA;activo;1;9;2/01/1900;3/01/1900
132;SANTA CRUZ DE COCACHACRA (Cocachacra);activo;1;9;2/01/1900;3/01/1900
133;SANTA EULALIA;activo;1;9;2/01/1900;3/01/1900
134;SANTIAGO DE ANCHUCAYA;activo;1;9;2/01/1900;3/01/1900
135;SANTIAGO DE TUNA;activo;1;9;2/01/1900;3/01/1900
136;SANTO DOMINGO DE LOS OLLEROS;activo;1;9;2/01/1900;3/01/1900
137;SURCO;activo;1;9;2/01/1900;3/01/1900
138;HUACHO;activo;1;10;2/01/1900;3/01/1900
139;AMBAR;activo;1;10;2/01/1900;3/01/1900
140;CALETA DE CARQUIN;activo;1;10;2/01/1900;3/01/1900
141;CHECRAS (Maray);activo;1;10;2/01/1900;3/01/1900
142;HUALMAY;activo;1;10;2/01/1900;3/01/1900
143;HUAURA;activo;1;10;2/01/1900;3/01/1900
144;LEONCIO PRADO (Sta. Cruz);activo;1;10;2/01/1900;3/01/1900
145;PACCHO;activo;1;10;2/01/1900;3/01/1900
146;SANTA LEONOR (Jucul);activo;1;10;2/01/1900;3/01/1900
147;SANTA MARIA (Cruz Blanca);activo;1;10;2/01/1900;3/01/1900
148;SAYAN;activo;1;10;2/01/1900;3/01/1900
149;VEGUETA;activo;1;10;2/01/1900;3/01/1900
150;OYON;activo;1;11;2/01/1900;3/01/1900
151;ANDAJES;activo;1;11;2/01/1900;3/01/1900
152;CAUJUL;activo;1;11;2/01/1900;3/01/1900
153;COCHAMARCA;activo;1;11;2/01/1900;3/01/1900
154;NAVAN;activo;1;11;2/01/1900;3/01/1900
155;PACHANGARA (Churín);activo;1;11;2/01/1900;3/01/1900
156;YAUYOS;activo;1;12;2/01/1900;3/01/1900
157;ALIS;activo;1;12;2/01/1900;3/01/1900
158;AYAUCA;activo;1;12;2/01/1900;3/01/1900
159;AYAVIRI;activo;1;12;2/01/1900;3/01/1900
160;AZANGARO;activo;1;12;2/01/1900;3/01/1900
161;CACRA;activo;1;12;2/01/1900;3/01/1900
162;CARANIA;activo;1;12;2/01/1900;3/01/1900
163;CATAHUASI;activo;1;12;2/01/1900;3/01/1900
164;CHOCOS;activo;1;12;2/01/1900;3/01/1900
165;COCHAS;activo;1;12;2/01/1900;3/01/1900
166;COLONIA;activo;1;12;2/01/1900;3/01/1900
167;HONGOS;activo;1;12;2/01/1900;3/01/1900
168;HUAMPARA;activo;1;12;2/01/1900;3/01/1900
169;HUANCAYA;activo;1;12;2/01/1900;3/01/1900
170;HUANGASCAR;activo;1;12;2/01/1900;3/01/1900
171;HUANTAN;activo;1;12;2/01/1900;3/01/1900
172;HUAnEC;activo;1;12;2/01/1900;3/01/1900
173;LARAOS;activo;1;12;2/01/1900;3/01/1900
174;LINCHA;activo;1;12;2/01/1900;3/01/1900
175;MADEAN;activo;1;12;2/01/1900;3/01/1900
176;MIRAFLORES;activo;1;12;2/01/1900;3/01/1900
177;OMAS;activo;1;12;2/01/1900;3/01/1900
178;PUTINZA (Sn. Lorenzo de Putinza);activo;1;12;2/01/1900;3/01/1900
179;QUINCHES;activo;1;12;2/01/1900;3/01/1900
180;QUINOCAY;activo;1;12;2/01/1900;3/01/1900
181;SAN JOAQUIN;activo;1;12;2/01/1900;3/01/1900
182;SAN PEDRO DE PILAS;activo;1;12;2/01/1900;3/01/1900
183;TANTA;activo;1;12;2/01/1900;3/01/1900
184;TAURIPAMPA;activo;1;12;2/01/1900;3/01/1900
185;TOMAS;activo;1;12;2/01/1900;3/01/1900
186;TUPE;activo;1;12;2/01/1900;3/01/1900
187;VInAC;activo;1;12;2/01/1900;3/01/1900
188;VITIS;activo;1;12;2/01/1900;3/01/1900
189;JUMBILLA;activo;2;13;2/01/1900;3/01/1900
190;CHISQUILLA;activo;2;13;2/01/1900;3/01/1900
191;CHURUJA;activo;2;13;2/01/1900;3/01/1900
192;COROSHA;activo;2;13;2/01/1900;3/01/1900
193;CUISPES;activo;2;13;2/01/1900;3/01/1900
194;FLORIDA;activo;2;13;2/01/1900;3/01/1900
195;JAZAN (Pedro Ruíz Gallo);activo;2;13;2/01/1900;3/01/1900
196;RECTA;activo;2;13;2/01/1900;3/01/1900
197;SAN CARLOS;activo;2;13;2/01/1900;3/01/1900
198;SHIPASBAMBA;activo;2;13;2/01/1900;3/01/1900
199;VALERA;activo;2;13;2/01/1900;3/01/1900
200;YAMBRASBAMBA;activo;2;13;2/01/1900;3/01/1900
201;CHACHAPOYAS;activo;2;14;2/01/1900;3/01/1900
202;ASUNCION;activo;2;14;2/01/1900;3/01/1900
203;BALSAS;activo;2;14;2/01/1900;3/01/1900
204;CHETO;activo;2;14;2/01/1900;3/01/1900
205;CHILIQUIN;activo;2;14;2/01/1900;3/01/1900
206;CHUQUIBAMBA;activo;2;14;2/01/1900;3/01/1900
207;GRANADA;activo;2;14;2/01/1900;3/01/1900
208;HUANCAS;activo;2;14;2/01/1900;3/01/1900
209;LA JALCA;activo;2;14;2/01/1900;3/01/1900
210;LEIMEBAMBA;activo;2;14;2/01/1900;3/01/1900
211;LEVANTO;activo;2;14;2/01/1900;3/01/1900
212;MAGDALENA;activo;2;14;2/01/1900;3/01/1900
213;MARISCAL CASTILLA (Duraznopampa);activo;2;14;2/01/1900;3/01/1900
214;MOLINOPAMPA;activo;2;14;2/01/1900;3/01/1900
215;MONTEVIDEO;activo;2;14;2/01/1900;3/01/1900
216;OLLEROS;activo;2;14;2/01/1900;3/01/1900
217;QUINJALCA;activo;2;14;2/01/1900;3/01/1900
218;SAN FRANCISCO DE DAGUAS (Daguas);activo;2;14;2/01/1900;3/01/1900
219;SAN ISIDRO DE MAINO (Maíno);activo;2;14;2/01/1900;3/01/1900
220;SOLOCO;activo;2;14;2/01/1900;3/01/1900
221;SONCHE (San Juan de Sonche);activo;2;14;2/01/1900;3/01/1900
222;NIEVA (Santa María de Nieva);activo;2;15;2/01/1900;3/01/1900
223;EL CENEPA (Huampami);activo;2;15;2/01/1900;3/01/1900
224;RIO SANTIAGO (Puerto Galilea);activo;2;15;2/01/1900;3/01/1900
225;LAMUD;activo;2;16;2/01/1900;3/01/1900
226;CAMPORREDONDO;activo;2;16;2/01/1900;3/01/1900
227;COCABAMBA;activo;2;16;2/01/1900;3/01/1900
228;COLCAMAR;activo;2;16;2/01/1900;3/01/1900
229;CONILA (Cohechán);activo;2;16;2/01/1900;3/01/1900
230;INGUILPATA;activo;2;16;2/01/1900;3/01/1900
231;LONGUITA;activo;2;16;2/01/1900;3/01/1900
232;LONYA CHICO;activo;2;16;2/01/1900;3/01/1900
233;LUYA;activo;2;16;2/01/1900;3/01/1900
234;LUYA VIEJO;activo;2;16;2/01/1900;3/01/1900
235;MARIA;activo;2;16;2/01/1900;3/01/1900
236;OCALLI;activo;2;16;2/01/1900;3/01/1900
237;OCUMAL (Collonce);activo;2;16;2/01/1900;3/01/1900
238;PISUQUIA (Yomblón);activo;2;16;2/01/1900;3/01/1900
239;PROVIDENCIA;activo;2;16;2/01/1900;3/01/1900
240;SAN CRISTOBAL (Olto);activo;2;16;2/01/1900;3/01/1900
241;SAN FRANCISCO DEL YESO;activo;2;16;2/01/1900;3/01/1900
242;SAN JERONIMO (Paclas);activo;2;16;2/01/1900;3/01/1900
243;SAN JUAN DE LOPECANCHA;activo;2;16;2/01/1900;3/01/1900
244;SANTA CATALINA;activo;2;16;2/01/1900;3/01/1900
245;SANTO TOMAS;activo;2;16;2/01/1900;3/01/1900
246;TINGO;activo;2;16;2/01/1900;3/01/1900
247;TRITA;activo;2;16;2/01/1900;3/01/1900
248;SAN NICOLAS (Mendoza);activo;2;17;2/01/1900;3/01/1900
249;CHIRIMOTO;activo;2;17;2/01/1900;3/01/1900
250;COCHAMAL;activo;2;17;2/01/1900;3/01/1900
251;HUAMBO;activo;2;17;2/01/1900;3/01/1900
252;LIMABAMBA;activo;2;17;2/01/1900;3/01/1900
253;LONGAR;activo;2;17;2/01/1900;3/01/1900
254;MARISCAL BENAVIDES;activo;2;17;2/01/1900;3/01/1900
255;MILPUC;activo;2;17;2/01/1900;3/01/1900
256;OMIA;activo;2;17;2/01/1900;3/01/1900
257;SANTA ROSA (Sta. Rosa de Huayabamba);activo;2;17;2/01/1900;3/01/1900
258;TOTORA;activo;2;17;2/01/1900;3/01/1900
259;VISTA ALEGRE;activo;2;17;2/01/1900;3/01/1900
260;BAGUA GRANDE;activo;2;18;2/01/1900;3/01/1900
261;CAJARURO;activo;2;18;2/01/1900;3/01/1900
262;CUMBA;activo;2;18;2/01/1900;3/01/1900
263;EL MILAGRO;activo;2;18;2/01/1900;3/01/1900
264;JAMALCA;activo;2;18;2/01/1900;3/01/1900
265;LONYA GRANDE;activo;2;18;2/01/1900;3/01/1900
266;YAMON;activo;2;18;2/01/1900;3/01/1900
267;AIJA;activo;3;19;2/01/1900;3/01/1900
268;CORIS;activo;3;19;2/01/1900;3/01/1900
269;HUACLLAN;activo;3;19;2/01/1900;3/01/1900
270;LA MERCED;activo;3;19;2/01/1900;3/01/1900
271;SUCCHA;activo;3;19;2/01/1900;3/01/1900
272;LLAMELLIN;activo;3;20;2/01/1900;3/01/1900
273;ACZO;activo;3;20;2/01/1900;3/01/1900
274;CHACCHO;activo;3;20;2/01/1900;3/01/1900
275;CHINGAS;activo;3;20;2/01/1900;3/01/1900
276;MIRGAS;activo;3;20;2/01/1900;3/01/1900
277;SAN JUAN DE RONTOY;activo;3;20;2/01/1900;3/01/1900
278;CHACAS;activo;3;21;2/01/1900;3/01/1900
279;ACOCHACA;activo;3;21;2/01/1900;3/01/1900
280;CHIQUIAN;activo;3;22;2/01/1900;3/01/1900
281;ABELARDO PARDO LEZAMETA (Llaclla);activo;3;22;2/01/1900;3/01/1900
282;ANTONIO RAYMONDI (Raquia);activo;3;22;2/01/1900;3/01/1900
283;AQUIA;activo;3;22;2/01/1900;3/01/1900
284;CAJACAY;activo;3;22;2/01/1900;3/01/1900
285;CANIS;activo;3;22;2/01/1900;3/01/1900
286;COLQUIOC (Chasquitambo);activo;3;22;2/01/1900;3/01/1900
287;HUALLANCA;activo;3;22;2/01/1900;3/01/1900
288;HUASTA;activo;3;22;2/01/1900;3/01/1900
289;HUAYLLACAYAN;activo;3;22;2/01/1900;3/01/1900
290;LA PRIMAVERA (Gorgorillo);activo;3;22;2/01/1900;3/01/1900
291;MANGAS;activo;3;22;2/01/1900;3/01/1900
292;PACLLON;activo;3;22;2/01/1900;3/01/1900
293;S. MGEL DE CORPANQUI;activo;3;22;2/01/1900;3/01/1900
294;TICLLOS;activo;3;22;2/01/1900;3/01/1900
295;CARHUAZ;activo;3;23;2/01/1900;3/01/1900
296;ACOPAMPA;activo;3;23;2/01/1900;3/01/1900
297;AMASHCA;activo;3;23;2/01/1900;3/01/1900
298;ANTA;activo;3;23;2/01/1900;3/01/1900
299;ATAQUERO (Carhuac);activo;3;23;2/01/1900;3/01/1900
300;MARCARA;activo;3;23;2/01/1900;3/01/1900
301;PARIAHUANCA;activo;3;23;2/01/1900;3/01/1900
302;SAN MIGUEL DE ACO (Aco);activo;3;23;2/01/1900;3/01/1900
303;SHILLA;activo;3;23;2/01/1900;3/01/1900
304;TINCO;activo;3;23;2/01/1900;3/01/1900
305;YUNGAR;activo;3;23;2/01/1900;3/01/1900
306;SAN LUIS;activo;3;24;2/01/1900;3/01/1900
307;SAN NICOLAS;activo;3;24;2/01/1900;3/01/1900
308;YAUYA;activo;3;24;2/01/1900;3/01/1900
309;CASMA;activo;3;25;2/01/1900;3/01/1900
310;buena vista alta;activo;3;25;2/01/1900;3/01/1900
311;COMANDANTE NOEL;activo;3;25;2/01/1900;3/01/1900
312;YAUTAN;activo;3;25;2/01/1900;3/01/1900
313;CORONGO;activo;3;26;2/01/1900;3/01/1900
314;ACO;activo;3;26;2/01/1900;3/01/1900
315;BAMBAS;activo;3;26;2/01/1900;3/01/1900
316;CUSCA;activo;3;26;2/01/1900;3/01/1900
317;LA PAMPA;activo;3;26;2/01/1900;3/01/1900
318;YANAC;activo;3;26;2/01/1900;3/01/1900
319;YUPAN;activo;3;26;2/01/1900;3/01/1900
320;HUARI;activo;3;27;2/01/1900;3/01/1900
321;ANRA;activo;3;27;2/01/1900;3/01/1900
322;CAJAY;activo;3;27;2/01/1900;3/01/1900
323;CHAVIN DE HUANTAR;activo;3;27;2/01/1900;3/01/1900
324;HUACACHI;activo;3;27;2/01/1900;3/01/1900
325;HUACCHIS;activo;3;27;2/01/1900;3/01/1900
326;HUACHIS;activo;3;27;2/01/1900;3/01/1900
327;HUANTAR;activo;3;27;2/01/1900;3/01/1900
328;MASIN;activo;3;27;2/01/1900;3/01/1900
329;PAUCAS;activo;3;27;2/01/1900;3/01/1900
330;PONTO;activo;3;27;2/01/1900;3/01/1900
331;RAHUAPAMPA;activo;3;27;2/01/1900;3/01/1900
332;RAPAYAN;activo;3;27;2/01/1900;3/01/1900
333;SAN MARCOS;activo;3;27;2/01/1900;3/01/1900
334;SAN PEDRO DE CHANA;activo;3;27;2/01/1900;3/01/1900
335;UCO;activo;3;27;2/01/1900;3/01/1900
336;HUARMEY;activo;3;28;2/01/1900;3/01/1900
337;COCHAPETI;activo;3;28;2/01/1900;3/01/1900
338;CULEBRAS;activo;3;28;2/01/1900;3/01/1900
339;HUAYAN;activo;3;28;2/01/1900;3/01/1900
340;MALVAS;activo;3;28;2/01/1900;3/01/1900
341;CARAZ;activo;3;29;2/01/1900;3/01/1900
342;HUALLANCA;activo;3;29;2/01/1900;3/01/1900
343;HUATA;activo;3;29;2/01/1900;3/01/1900
344;HUAYLAS;activo;3;29;2/01/1900;3/01/1900
345;MATO;activo;3;29;2/01/1900;3/01/1900
346;PAMPAROMAS;activo;3;29;2/01/1900;3/01/1900
347;PUEBLO LIBRE;activo;3;29;2/01/1900;3/01/1900
348;SANTA CRUZ (Huaripampa);activo;3;29;2/01/1900;3/01/1900
349;SANTO TORIBIO;activo;3;29;2/01/1900;3/01/1900
350;YURACMARCA;activo;3;29;2/01/1900;3/01/1900
351;PISCOBAMBA;activo;3;30;2/01/1900;3/01/1900
352;CASCA;activo;3;30;2/01/1900;3/01/1900
353;ELEAZAR GUZMAN BARRON;activo;3;30;2/01/1900;3/01/1900
354;FIDEL OLIVAS ESCUDERO (Sanachgan);activo;3;30;2/01/1900;3/01/1900
355;LLAMA;activo;3;30;2/01/1900;3/01/1900
356;LLUMPA;activo;3;30;2/01/1900;3/01/1900
357;LUCMA;activo;3;30;2/01/1900;3/01/1900
358;MUSGA;activo;3;30;2/01/1900;3/01/1900
359;OCROS;activo;3;31;2/01/1900;3/01/1900
360;ACAS;activo;3;31;2/01/1900;3/01/1900
361;CAJAMARQUILLA;activo;3;31;2/01/1900;3/01/1900
362;CARHUAPAMPA;activo;3;31;2/01/1900;3/01/1900
363;COCHAS (Huanchay);activo;3;31;2/01/1900;3/01/1900
364;CONGAS;activo;3;31;2/01/1900;3/01/1900
365;LLIPA;activo;3;31;2/01/1900;3/01/1900
366;SAN CRISTOBAL DE RAJAN;activo;3;31;2/01/1900;3/01/1900
367;SAN PEDRO;activo;3;31;2/01/1900;3/01/1900
368;SANTIAGO DE CHILCAS;activo;3;31;2/01/1900;3/01/1900
369;CABANA;activo;3;32;2/01/1900;3/01/1900
370;BOLOGNESI;activo;3;32;2/01/1900;3/01/1900
371;CONCHUCOS;activo;3;32;2/01/1900;3/01/1900
372;HUACASCHUQUE;activo;3;32;2/01/1900;3/01/1900
373;HUANDOVAL;activo;3;32;2/01/1900;3/01/1900
374;LACABAMBA;activo;3;32;2/01/1900;3/01/1900
375;LLAPO;activo;3;32;2/01/1900;3/01/1900
376;PALLASCA;activo;3;32;2/01/1900;3/01/1900
377;PAMPAS;activo;3;32;2/01/1900;3/01/1900
378;SANTA ROSA;activo;3;32;2/01/1900;3/01/1900
379;TAUCA;activo;3;32;2/01/1900;3/01/1900
380;POMABAMBA;activo;3;33;2/01/1900;3/01/1900
381;HUAYLLAN;activo;3;33;2/01/1900;3/01/1900
382;PAROBAMBA;activo;3;33;2/01/1900;3/01/1900
383;QUINUABAMBA;activo;3;33;2/01/1900;3/01/1900
384;RECUAY;activo;3;34;2/01/1900;3/01/1900
385;CATAC;activo;3;34;2/01/1900;3/01/1900
386;COTAPARACO;activo;3;34;2/01/1900;3/01/1900
387;HUAYLLAPAMPA;activo;3;34;2/01/1900;3/01/1900
388;LLACLLIN;activo;3;34;2/01/1900;3/01/1900
389;MARCA;activo;3;34;2/01/1900;3/01/1900
390;PAMPAS CHICO;activo;3;34;2/01/1900;3/01/1900
391;PARARIN;activo;3;34;2/01/1900;3/01/1900
392;TAPACOCHA;activo;3;34;2/01/1900;3/01/1900
393;TICAPAMPA;activo;3;34;2/01/1900;3/01/1900
394;CHIMBOTE;activo;3;35;2/01/1900;3/01/1900
395;CACERES DEL PERU;activo;3;35;2/01/1900;3/01/1900
396;COISHCO;activo;3;35;2/01/1900;3/01/1900
397;MACATE;activo;3;35;2/01/1900;3/01/1900
398;MORO;activo;3;35;2/01/1900;3/01/1900
399;NEPEnA;activo;3;35;2/01/1900;3/01/1900
400;SAMANCO;activo;3;35;2/01/1900;3/01/1900
401;SANTA;activo;3;35;2/01/1900;3/01/1900
402;NUEVO CHIMBOTE (Buenos Aires);activo;3;35;2/01/1900;3/01/1900
403;SIHUAS;activo;3;36;2/01/1900;3/01/1900
404;ACOBAMBA;activo;3;36;2/01/1900;3/01/1900
405;ALFONSO UGARTE;activo;3;36;2/01/1900;3/01/1900
406;CASHAPAMPA;activo;3;36;2/01/1900;3/01/1900
407;CHINGALPO;activo;3;36;2/01/1900;3/01/1900
408;HUAYLLABAMBA;activo;3;36;2/01/1900;3/01/1900
409;QUICHES;activo;3;36;2/01/1900;3/01/1900
410;RAGASH;activo;3;36;2/01/1900;3/01/1900
411;SAN JUAN;activo;3;36;2/01/1900;3/01/1900
412;SICSIBAMBA;activo;3;36;2/01/1900;3/01/1900
413;YUNGAY;activo;3;37;2/01/1900;3/01/1900
414;CASCAPARA;activo;3;37;2/01/1900;3/01/1900
415;MANCOS;activo;3;37;2/01/1900;3/01/1900
416;MATACOTO;activo;3;37;2/01/1900;3/01/1900
417;QUILLO;activo;3;37;2/01/1900;3/01/1900
418;RANRAHIRCA;activo;3;37;2/01/1900;3/01/1900
419;SHUPLUY;activo;3;37;2/01/1900;3/01/1900
420;YANAMA;activo;3;37;2/01/1900;3/01/1900
421;ABANCAY;activo;4;38;2/01/1900;3/01/1900
422;CHACOCHE;activo;4;38;2/01/1900;3/01/1900
423;CIRCA;activo;4;38;2/01/1900;3/01/1900
424;CURAHUASI;activo;4;38;2/01/1900;3/01/1900
425;HUANIPACA;activo;4;38;2/01/1900;3/01/1900
426;LAMBRAMA;activo;4;38;2/01/1900;3/01/1900
427;PICHIRHUA;activo;4;38;2/01/1900;3/01/1900
428;SAN PEDRO DE CACHORA (Cachorro);activo;4;38;2/01/1900;3/01/1900
429;TAMBURCO;activo;4;38;2/01/1900;3/01/1900
430;ANDAHUAYLAS;activo;4;39;2/01/1900;3/01/1900
431;ANDARAPA;activo;4;39;2/01/1900;3/01/1900
432;CHIARA;activo;4;39;2/01/1900;3/01/1900
433;HUANCARAMA;activo;4;39;2/01/1900;3/01/1900
434;HUANCARAY;activo;4;39;2/01/1900;3/01/1900
435;HUAYANA;activo;4;39;2/01/1900;3/01/1900
436;KISHUARA;activo;4;39;2/01/1900;3/01/1900
437;PACOBAMBA;activo;4;39;2/01/1900;3/01/1900
438;PACUCHA;activo;4;39;2/01/1900;3/01/1900
439;PAMPACHIRI;activo;4;39;2/01/1900;3/01/1900
440;POMACOCHA;activo;4;39;2/01/1900;3/01/1900
441;SAN ANTONIO DE CACHI;activo;4;39;2/01/1900;3/01/1900
442;SAN JERONIMO;activo;4;39;2/01/1900;3/01/1900
443;SAN MIGUEL DE CHACCRAMPA (Chaccrampa);activo;4;39;2/01/1900;3/01/1900
444;SANTA MARIA DE CHICMO;activo;4;39;2/01/1900;3/01/1900
445;TALAVERA;activo;4;39;2/01/1900;3/01/1900
446;TUMAY HUARACA (Umamarca);activo;4;39;2/01/1900;3/01/1900
447;TURPO;activo;4;39;2/01/1900;3/01/1900
448;KAQUIABAMBA;activo;4;39;2/01/1900;3/01/1900
449;ANTABAMBA;activo;4;40;2/01/1900;3/01/1900
450;EL ORO;activo;4;40;2/01/1900;3/01/1900
451;HUAQUIRCA;activo;4;40;2/01/1900;3/01/1900
452;JUAN ESPINOZA MEDRANO (Mollebamba);activo;4;40;2/01/1900;3/01/1900
453;OROPESA;activo;4;40;2/01/1900;3/01/1900
454;PACHACONAS;activo;4;40;2/01/1900;3/01/1900
455;SABAINO;activo;4;40;2/01/1900;3/01/1900
456;CHALHUANCA;activo;4;41;2/01/1900;3/01/1900
457;CAPAYA;activo;4;41;2/01/1900;3/01/1900
458;CARAYBAMBA;activo;4;41;2/01/1900;3/01/1900
459;CHAPIMARCA;activo;4;41;2/01/1900;3/01/1900
460;COLCABAMBA;activo;4;41;2/01/1900;3/01/1900
461;COTARUSE;activo;4;41;2/01/1900;3/01/1900
462;HUAYLLO;activo;4;41;2/01/1900;3/01/1900
463;JUSTO APU SAHUARAURA (Pichihua);activo;4;41;2/01/1900;3/01/1900
464;LUCRE;activo;4;41;2/01/1900;3/01/1900
465;POCOHUANCA;activo;4;41;2/01/1900;3/01/1900
466;SAN JUAN DE CHACnA;activo;4;41;2/01/1900;3/01/1900
467;SAnAYCA;activo;4;41;2/01/1900;3/01/1900
468;SORAYA;activo;4;41;2/01/1900;3/01/1900
469;TAPAIRIHUA;activo;4;41;2/01/1900;3/01/1900
470;TINTAY;activo;4;41;2/01/1900;3/01/1900
471;TORAYA;activo;4;41;2/01/1900;3/01/1900
472;YANACA;activo;4;41;2/01/1900;3/01/1900
473;CHINCHEROS;activo;4;42;2/01/1900;3/01/1900
474;ANCO-HUALLO (Uripa);activo;4;42;2/01/1900;3/01/1900
475;COCHARCAS;activo;4;42;2/01/1900;3/01/1900
476;HUACCANA;activo;4;42;2/01/1900;3/01/1900
477;OCOBAMBA;activo;4;42;2/01/1900;3/01/1900
478;ONGOY;activo;4;42;2/01/1900;3/01/1900
479;URANMARCA;activo;4;42;2/01/1900;3/01/1900
480;RANRACANCHA;activo;4;42;2/01/1900;3/01/1900
481;TAMBOBAMBA;activo;4;43;2/01/1900;3/01/1900
482;COTABAMBAS;activo;4;43;2/01/1900;3/01/1900
483;COYLLURQUI;activo;4;43;2/01/1900;3/01/1900
484;HAQUIRA;activo;4;43;2/01/1900;3/01/1900
485;MARA;activo;4;43;2/01/1900;3/01/1900
486;CHALLHUAHUACHO;activo;4;43;2/01/1900;3/01/1900
487;CHUQUIBAMBILLA;activo;4;44;2/01/1900;3/01/1900
488;CURPAHUASI;activo;4;44;2/01/1900;3/01/1900
489;GAMARRA (Palpacachi);activo;4;44;2/01/1900;3/01/1900
490;HUAYLLATI;activo;4;44;2/01/1900;3/01/1900
491;MAMARA;activo;4;44;2/01/1900;3/01/1900
492;MICAELA BASTIDAS (Ayrihuanca);activo;4;44;2/01/1900;3/01/1900
493;PATAYPAMPA;activo;4;44;2/01/1900;3/01/1900
494;PROGRESO;activo;4;44;2/01/1900;3/01/1900
495;SAN ANTONIO;activo;4;44;2/01/1900;3/01/1900
496;SANTA ROSA;activo;4;44;2/01/1900;3/01/1900
497;TURPAY;activo;4;44;2/01/1900;3/01/1900
498;VILCABAMBA;activo;4;44;2/01/1900;3/01/1900
499;VIRUNDO (San Juan de Virundo);activo;4;44;2/01/1900;3/01/1900
500;CURASCO;activo;4;44;2/01/1900;3/01/1900
501;AREQUIPA;activo;5;45;2/01/1900;3/01/1900
502;ALTO SELVA ALEGRE(Selva Alegre);activo;5;45;2/01/1900;3/01/1900
503;CAYMA;activo;5;45;2/01/1900;3/01/1900
504;CERRO COLORADO(La Libertad);activo;5;45;2/01/1900;3/01/1900
505;CHARACATO;activo;5;45;2/01/1900;3/01/1900
506;CHIGUATA;activo;5;45;2/01/1900;3/01/1900
507;JACOBO HUNTER;activo;5;45;2/01/1900;3/01/1900
508;LA JOYA;activo;5;45;2/01/1900;3/01/1900
509;MARIANO MELGAR;activo;5;45;2/01/1900;3/01/1900
510;MIRAFLORES;activo;5;45;2/01/1900;3/01/1900
511;MOLLEBAYA;activo;5;45;2/01/1900;3/01/1900
512;PAUCARPATA;activo;5;45;2/01/1900;3/01/1900
513;POCSI;activo;5;45;2/01/1900;3/01/1900
514;POLOBAYA(Polobaya Grande);activo;5;45;2/01/1900;3/01/1900
515;QUEQUEnA;activo;5;45;2/01/1900;3/01/1900
516;SABANDIA;activo;5;45;2/01/1900;3/01/1900
517;SACHACA;activo;5;45;2/01/1900;3/01/1900
518;SAN JUAN DE SIGUAS;activo;5;45;2/01/1900;3/01/1900
519;SAN JUAN DE TARUCANI(Tarucani);activo;5;45;2/01/1900;3/01/1900
520;SANTA ISABEL DE SIGUAS;activo;5;45;2/01/1900;3/01/1900
521;SANTA RITA DE SIGUAS;activo;5;45;2/01/1900;3/01/1900
522;SOCABAYA;activo;5;45;2/01/1900;3/01/1900
523;TIABAYA;activo;5;45;2/01/1900;3/01/1900
524;UCHUMAYO;activo;5;45;2/01/1900;3/01/1900
525;VITOR 1/;activo;5;45;2/01/1900;3/01/1900
526;YANAHUARA;activo;5;45;2/01/1900;3/01/1900
527;YARABAMBA;activo;5;45;2/01/1900;3/01/1900
528;YURA;activo;5;45;2/01/1900;3/01/1900
529;JOSE LUIS BUSTAMANTE Y RIVERO(Ciudad Satélite;activo;5;45;2/01/1900;3/01/1900
530;CAMANA;activo;5;46;2/01/1900;3/01/1900
531;JOSE MARIA QUIMPER(El Cardo);activo;5;46;2/01/1900;3/01/1900
532;MARIANO NICOLAS VALCARCEL(Urasqui);activo;5;46;2/01/1900;3/01/1900
533;MARISCAL CACERES(San José);activo;5;46;2/01/1900;3/01/1900
534;NICOLAS DE PIEROLA(San Gregorio);activo;5;46;2/01/1900;3/01/1900
535;OCOnA;activo;5;46;2/01/1900;3/01/1900
536;QUILCA;activo;5;46;2/01/1900;3/01/1900
537;SAMUEL PASTOR(La Pampa);activo;5;46;2/01/1900;3/01/1900
538;CARAVELI;activo;5;47;2/01/1900;3/01/1900
539;ACARI;activo;5;47;2/01/1900;3/01/1900
540;ATICO;activo;5;47;2/01/1900;3/01/1900
541;ATIQUIPA;activo;5;47;2/01/1900;3/01/1900
542;BELLA UNION;activo;5;47;2/01/1900;3/01/1900
543;CAHUACHO;activo;5;47;2/01/1900;3/01/1900
544;CHALA;activo;5;47;2/01/1900;3/01/1900
545;CHAPARRA(Achanizo);activo;5;47;2/01/1900;3/01/1900
546;HUANUHUANU(Tocota);activo;5;47;2/01/1900;3/01/1900
547;JAQUI;activo;5;47;2/01/1900;3/01/1900
548;LOMAS;activo;5;47;2/01/1900;3/01/1900
549;QUICACHA;activo;5;47;2/01/1900;3/01/1900
550;YAUCA;activo;5;47;2/01/1900;3/01/1900
551;APLAO;activo;5;48;2/01/1900;3/01/1900
552;ANDAGUA;activo;5;48;2/01/1900;3/01/1900
553;AYO;activo;5;48;2/01/1900;3/01/1900
554;CHACHAS;activo;5;48;2/01/1900;3/01/1900
555;CHILCAYMARCA;activo;5;48;2/01/1900;3/01/1900
556;CHOCO;activo;5;48;2/01/1900;3/01/1900
557;HUANCARQUI;activo;5;48;2/01/1900;3/01/1900
558;MACHAGUAY;activo;5;48;2/01/1900;3/01/1900
559;ORCOPAMPA;activo;5;48;2/01/1900;3/01/1900
560;PAMPACOLCA;activo;5;48;2/01/1900;3/01/1900
561;TIPAN;activo;5;48;2/01/1900;3/01/1900
562;UnON;activo;5;48;2/01/1900;3/01/1900
563;URACA(Coriri);activo;5;48;2/01/1900;3/01/1900
564;VIRACO;activo;5;48;2/01/1900;3/01/1900
565;CHIVAY;activo;5;49;2/01/1900;3/01/1900
566;ACHOMA;activo;5;49;2/01/1900;3/01/1900
567;CABANACONDE;activo;5;49;2/01/1900;3/01/1900
568;CALLALLI;activo;5;49;2/01/1900;3/01/1900
569;CAYLLOMA;activo;5;49;2/01/1900;3/01/1900
570;COPORAQUE;activo;5;49;2/01/1900;3/01/1900
571;HUAMBO;activo;5;49;2/01/1900;3/01/1900
572;HUANCA;activo;5;49;2/01/1900;3/01/1900
573;ICHUPAMPA;activo;5;49;2/01/1900;3/01/1900
574;LARI;activo;5;49;2/01/1900;3/01/1900
575;LLUTA;activo;5;49;2/01/1900;3/01/1900
576;MACA;activo;5;49;2/01/1900;3/01/1900
577;MADRIGAL;activo;5;49;2/01/1900;3/01/1900
578;SAN ANTONIO DE CHUCA 2/;activo;5;49;2/01/1900;3/01/1900
579;SIBAYO;activo;5;49;2/01/1900;3/01/1900
580;TAPAY;activo;5;49;2/01/1900;3/01/1900
581;TISCO;activo;5;49;2/01/1900;3/01/1900
582;TUTI;activo;5;49;2/01/1900;3/01/1900
583;YANQUE;activo;5;49;2/01/1900;3/01/1900
584;CHUQUIBAMBA;activo;5;50;2/01/1900;3/01/1900
585;ANDARAY;activo;5;50;2/01/1900;3/01/1900
586;CAYARANI;activo;5;50;2/01/1900;3/01/1900
587;CHICHAS;activo;5;50;2/01/1900;3/01/1900
588;IRAY;activo;5;50;2/01/1900;3/01/1900
589;RIO GRANDE(Iquipi);activo;5;50;2/01/1900;3/01/1900
590;SALAMANCA;activo;5;50;2/01/1900;3/01/1900
591;YANAQUIHUA;activo;5;50;2/01/1900;3/01/1900
592;MOLLENDO;activo;5;51;2/01/1900;3/01/1900
593;COCACHACRA;activo;5;51;2/01/1900;3/01/1900
594;DEAN VALDIVIA(La Curva);activo;5;51;2/01/1900;3/01/1900
595;ISLAY;activo;5;51;2/01/1900;3/01/1900
596;MEJIA;activo;5;51;2/01/1900;3/01/1900
597;PUNTA DE BOMBON;activo;5;51;2/01/1900;3/01/1900
598;COTAHUASI;activo;5;52;2/01/1900;3/01/1900
599;ALCA;activo;5;52;2/01/1900;3/01/1900
600;CHARCANA;activo;5;52;2/01/1900;3/01/1900
601;HUAYNACOTAS(Taurisma);activo;5;52;2/01/1900;3/01/1900
602;PAMPAMARCA(Mungui);activo;5;52;2/01/1900;3/01/1900
603;PUYCA;activo;5;52;2/01/1900;3/01/1900
604;QUECHUALLA(Velinga);activo;5;52;2/01/1900;3/01/1900
605;SAYLA;activo;5;52;2/01/1900;3/01/1900
606;TAURIA;activo;5;52;2/01/1900;3/01/1900
607;TOMEPAMPA;activo;5;52;2/01/1900;3/01/1900
608;TORO;activo;5;52;2/01/1900;3/01/1900
609;CANGALLO;activo;6;53;2/01/1900;3/01/1900
610;CHUSCHI;activo;6;53;2/01/1900;3/01/1900
611;LOS MOROCHUCOS (Pampa-Cangallo);activo;6;53;2/01/1900;3/01/1900
612;MARIA PARADO DE BELLIDO (Pomabamba);activo;6;53;2/01/1900;3/01/1900
613;PARAS;activo;6;53;2/01/1900;3/01/1900
614;TOTOS;activo;6;53;2/01/1900;3/01/1900
615;HUANTA;activo;6;54;2/01/1900;3/01/1900
616;HAYAHUANCO;activo;6;54;2/01/1900;3/01/1900
617;HUAMANGUILLA;activo;6;54;2/01/1900;3/01/1900
618;IGUAIN (Macachacra);activo;6;54;2/01/1900;3/01/1900
619;LURICOCHA;activo;6;54;2/01/1900;3/01/1900
620;SANTILLANA (San Jose de Secce);activo;6;54;2/01/1900;3/01/1900
621;SIVIA;activo;6;54;2/01/1900;3/01/1900
622;SANCOS(Huanca Sancos);activo;6;55;2/01/1900;3/01/1900
623;CARAPO;activo;6;55;2/01/1900;3/01/1900
624;SACSAMARCA;activo;6;55;2/01/1900;3/01/1900
625;SANTIAGO DE LUCANAMARCA;activo;6;55;2/01/1900;3/01/1900
626;AYACUCHO;activo;6;56;2/01/1900;3/01/1900
627;ACOCRO;activo;6;56;2/01/1900;3/01/1900
628;ACOS VINCHOS;activo;6;56;2/01/1900;3/01/1900
629;CARMEN ALTO;activo;6;56;2/01/1900;3/01/1900
630;CHIARA;activo;6;56;2/01/1900;3/01/1900
631;OCROS;activo;6;56;2/01/1900;3/01/1900
632;PACAYCASA;activo;6;56;2/01/1900;3/01/1900
633;QUINUA;activo;6;56;2/01/1900;3/01/1900
634;SAN JOSE DE TICLLAS (Ticllas);activo;6;56;2/01/1900;3/01/1900
635;SAN JUAN BAUTISTA;activo;6;56;2/01/1900;3/01/1900
636;SANTIAGO DE PISCHA (San Pedro de Cachi);activo;6;56;2/01/1900;3/01/1900
637;SOCOS;activo;6;56;2/01/1900;3/01/1900
638;TAMBILLO;activo;6;56;2/01/1900;3/01/1900
639;VINCHOS;activo;6;56;2/01/1900;3/01/1900
640;JESUS NAZARENO;activo;6;56;2/01/1900;3/01/1900
641;SAN MIGUEL;activo;6;57;2/01/1900;3/01/1900
642;ANCO (Chiquintirca);activo;6;57;2/01/1900;3/01/1900
643;AYNA (San Francisco);activo;6;57;2/01/1900;3/01/1900
644;CHILCAS (Chilcas);activo;6;57;2/01/1900;3/01/1900
645;CHUNGUI;activo;6;57;2/01/1900;3/01/1900
646;LUIS CARRANZA;activo;6;57;2/01/1900;3/01/1900
647;TAMBO;activo;6;57;2/01/1900;3/01/1900
648;SANTA ROSA;activo;6;57;2/01/1900;3/01/1900
649;CORACORA;activo;6;58;2/01/1900;3/01/1900
650;CHUMPI;activo;6;58;2/01/1900;3/01/1900
651;CORONEL CASTAnEDA (Aniso);activo;6;58;2/01/1900;3/01/1900
652;PACAPAUSA;activo;6;58;2/01/1900;3/01/1900
653;PULLO;activo;6;58;2/01/1900;3/01/1900
654;PUYUSCA (Incuyo);activo;6;58;2/01/1900;3/01/1900
655;SAN FRANCISCO DE RAVACAYCO;activo;6;58;2/01/1900;3/01/1900
656;UPAHUACHO;activo;6;58;2/01/1900;3/01/1900
657;PAUSA;activo;6;59;2/01/1900;3/01/1900
658;COLTA;activo;6;59;2/01/1900;3/01/1900
659;CORCULLA;activo;6;59;2/01/1900;3/01/1900
660;LAMPA;activo;6;59;2/01/1900;3/01/1900
661;MARCABAMBA;activo;6;59;2/01/1900;3/01/1900
662;OYOLO;activo;6;59;2/01/1900;3/01/1900
663;PARARCA;activo;6;59;2/01/1900;3/01/1900
664;SAN JAVIER DEL ALPABAMBA;activo;6;59;2/01/1900;3/01/1900
665;SAN JOSE DE USHUA;activo;6;59;2/01/1900;3/01/1900
666;SARA SARA (Quilcata);activo;6;59;2/01/1900;3/01/1900
667;QUEROBAMBA;activo;6;60;2/01/1900;3/01/1900
668;BELEN;activo;6;60;2/01/1900;3/01/1900
669;CHALCOS;activo;6;60;2/01/1900;3/01/1900
670;HUACAnA;activo;6;60;2/01/1900;3/01/1900
671;MORCOLLA;activo;6;60;2/01/1900;3/01/1900
672;PAICO;activo;6;60;2/01/1900;3/01/1900
673;SAN PEDRO DE LARCAY;activo;6;60;2/01/1900;3/01/1900
674;SAN SALVADOR DE QUIJE;activo;6;60;2/01/1900;3/01/1900
675;SANTIAGO DE PAUCARAY;activo;6;60;2/01/1900;3/01/1900
676;SORAS;activo;6;60;2/01/1900;3/01/1900
677;HUANCAPI;activo;6;61;2/01/1900;3/01/1900
678;ALCAMENCA;activo;6;61;2/01/1900;3/01/1900
679;APONGO;activo;6;61;2/01/1900;3/01/1900
680;ASQUIPATA;activo;6;61;2/01/1900;3/01/1900
681;CANARIA;activo;6;61;2/01/1900;3/01/1900
682;CAYARA;activo;6;61;2/01/1900;3/01/1900
683;COLCA;activo;6;61;2/01/1900;3/01/1900
684;HUAMANQUIQUIA;activo;6;61;2/01/1900;3/01/1900
685;HUANCARAYLLA;activo;6;61;2/01/1900;3/01/1900
686;HUAYA (San Pedro de Huaya);activo;6;61;2/01/1900;3/01/1900
687;SARHUA;activo;6;61;2/01/1900;3/01/1900
688;VILCANCHOS;activo;6;61;2/01/1900;3/01/1900
689;VILCAS HUAMAN;activo;6;62;2/01/1900;3/01/1900
690;ACCOMARCA;activo;6;62;2/01/1900;3/01/1900
691;CARHUANCA;activo;6;62;2/01/1900;3/01/1900
692;CONCEPCION;activo;6;62;2/01/1900;3/01/1900
693;HUAMBALPA;activo;6;62;2/01/1900;3/01/1900
694;INDEPENDENCIA (Paccha Huallhua);activo;6;62;2/01/1900;3/01/1900
695;SAURAMA;activo;6;62;2/01/1900;3/01/1900
696;VISCHONGO;activo;6;62;2/01/1900;3/01/1900
697;CAJABAMBA;activo;7;63;2/01/1900;3/01/1900
698;CACHACHI;activo;7;63;2/01/1900;3/01/1900
699;CONDEBAMBA (Cauday);activo;7;63;2/01/1900;3/01/1900
700;SITACOCHA (Lluchubamba);activo;7;63;2/01/1900;3/01/1900
701;CAJAMARCA;activo;7;64;2/01/1900;3/01/1900
702;ASUNCION;activo;7;64;2/01/1900;3/01/1900
703;CHETILLA;activo;7;64;2/01/1900;3/01/1900
704;COSPAN;activo;7;64;2/01/1900;3/01/1900
705;ENCAnADA;activo;7;64;2/01/1900;3/01/1900
706;JESUS;activo;7;64;2/01/1900;3/01/1900
707;LLACANORA;activo;7;64;2/01/1900;3/01/1900
708;LOS BAnOS DEL INCA;activo;7;64;2/01/1900;3/01/1900
709;MAGDALENA;activo;7;64;2/01/1900;3/01/1900
710;MATARA;activo;7;64;2/01/1900;3/01/1900
711;NAMORA;activo;7;64;2/01/1900;3/01/1900
712;SAN JUAN;activo;7;64;2/01/1900;3/01/1900
713;CELENDIN;activo;7;65;2/01/1900;3/01/1900
714;CHUMUCH;activo;7;65;2/01/1900;3/01/1900
715;CORTEGANA (Chimuch);activo;7;65;2/01/1900;3/01/1900
716;HUASMIN;activo;7;65;2/01/1900;3/01/1900
717;JORGE CHAVEZ (Lucmapampa);activo;7;65;2/01/1900;3/01/1900
718;JOSE GALVEZ (Huacapampa);activo;7;65;2/01/1900;3/01/1900
719;MIGUEL IGLESIAS (Chalán);activo;7;65;2/01/1900;3/01/1900
720;OXAMARCA;activo;7;65;2/01/1900;3/01/1900
721;SOROCHUCO;activo;7;65;2/01/1900;3/01/1900
722;SUCRE;activo;7;65;2/01/1900;3/01/1900
723;UTCO;activo;7;65;2/01/1900;3/01/1900
724;LA LIBERTAD DE PALLAN;activo;7;65;2/01/1900;3/01/1900
725;CHOTA;activo;7;66;2/01/1900;3/01/1900
726;ANGUIA;activo;7;66;2/01/1900;3/01/1900
727;CHADIN;activo;7;66;2/01/1900;3/01/1900
728;CHIGUIRIP;activo;7;66;2/01/1900;3/01/1900
729;CHIMBAN;activo;7;66;2/01/1900;3/01/1900
730;COCHABAMBA;activo;7;66;2/01/1900;3/01/1900
731;HUAMBOS;activo;7;66;2/01/1900;3/01/1900
732;LAJAS;activo;7;66;2/01/1900;3/01/1900
733;LLAMA;activo;7;66;2/01/1900;3/01/1900
734;MIRACOSTA;activo;7;66;2/01/1900;3/01/1900
735;PACCHA;activo;7;66;2/01/1900;3/01/1900
736;PION;activo;7;66;2/01/1900;3/01/1900
737;QUEROCOTO;activo;7;66;2/01/1900;3/01/1900
738;SAN JUAN DE LICUPIS (Licupis);activo;7;66;2/01/1900;3/01/1900
739;TACABAMBA;activo;7;66;2/01/1900;3/01/1900
740;TOCMOCHE;activo;7;66;2/01/1900;3/01/1900
741;CHOROPAMPA;activo;7;66;2/01/1900;3/01/1900
742;CHALAMARCA;activo;7;66;2/01/1900;3/01/1900
743;CONTUMAZA;activo;7;67;2/01/1900;3/01/1900
744;CHILETE;activo;7;67;2/01/1900;3/01/1900
745;CUPISNIQUE (El Trinidad);activo;7;67;2/01/1900;3/01/1900
746;GUZMANGO;activo;7;67;2/01/1900;3/01/1900
747;SAN BENITO;activo;7;67;2/01/1900;3/01/1900
748;SANTA CRUZ DE TOLED;activo;7;67;2/01/1900;3/01/1900
749;TANTARICA (Catán);activo;7;67;2/01/1900;3/01/1900
750;YONAN (Tembladera);activo;7;67;2/01/1900;3/01/1900
751;CUTERVO;activo;7;68;2/01/1900;3/01/1900
752;CALLAYUC;activo;7;68;2/01/1900;3/01/1900
753;CHOROS;activo;7;68;2/01/1900;3/01/1900
754;CUJILLO;activo;7;68;2/01/1900;3/01/1900
755;LA RAMADA;activo;7;68;2/01/1900;3/01/1900
756;PIMPINGOS;activo;7;68;2/01/1900;3/01/1900
757;QUEROCOTILLO;activo;7;68;2/01/1900;3/01/1900
758;SAN ANDRES DE CUTERVO;activo;7;68;2/01/1900;3/01/1900
759;SAN JUAN DE CUTERVO;activo;7;68;2/01/1900;3/01/1900
760;SAN LUIS DE LUCMA;activo;7;68;2/01/1900;3/01/1900
761;SANTA CRUZ;activo;7;68;2/01/1900;3/01/1900
762;SANTO DOMINGO DE LA CAPILLA;activo;7;68;2/01/1900;3/01/1900
763;SANTO TOMAS;activo;7;68;2/01/1900;3/01/1900
764;SOCOTA;activo;7;68;2/01/1900;3/01/1900
765;TORIBIO CASANOVA (La Sacilia);activo;7;68;2/01/1900;3/01/1900
766;BAMBAMARCA;activo;7;69;2/01/1900;3/01/1900
767;CHUGUR;activo;7;69;2/01/1900;3/01/1900
768;HUALGAYOC;activo;7;69;2/01/1900;3/01/1900
769;JAEN;activo;7;70;2/01/1900;3/01/1900
770;BELLAVISTA;activo;7;70;2/01/1900;3/01/1900
771;CHONTALI;activo;7;70;2/01/1900;3/01/1900
772;COLASAY;activo;7;70;2/01/1900;3/01/1900
773;HUABAL;activo;7;70;2/01/1900;3/01/1900
774;LAS PIRIAS;activo;7;70;2/01/1900;3/01/1900
775;POMAHUACA;activo;7;70;2/01/1900;3/01/1900
776;PUCARA;activo;7;70;2/01/1900;3/01/1900
777;SALLIQUE;activo;7;70;2/01/1900;3/01/1900
778;SAN FELIPE;activo;7;70;2/01/1900;3/01/1900
779;SAN JOSE DEL ALTO;activo;7;70;2/01/1900;3/01/1900
780;SANTA ROSA;activo;7;70;2/01/1900;3/01/1900
781;SAN IGNACIO;activo;7;71;2/01/1900;3/01/1900
782;CHIRINOS;activo;7;71;2/01/1900;3/01/1900
783;HUARANGO;activo;7;71;2/01/1900;3/01/1900
784;LA COIPA;activo;7;71;2/01/1900;3/01/1900
785;NAMBALLE;activo;7;71;2/01/1900;3/01/1900
786;SAN JOSE DE LOURDES;activo;7;71;2/01/1900;3/01/1900
787;TABACONAS;activo;7;71;2/01/1900;3/01/1900
788;PEDRO GALVEZ (San Marcos);activo;7;72;2/01/1900;3/01/1900
789;EDUARDO VILLANUEVA (La Grama);activo;7;72;2/01/1900;3/01/1900
790;GREGORIO PITA (Paucamarca);activo;7;72;2/01/1900;3/01/1900
791;ICHOCAN;activo;7;72;2/01/1900;3/01/1900
792;JOSE MANUEL QUIROZ (Shirac);activo;7;72;2/01/1900;3/01/1900
793;JOSE SABOGAL (Venecia);activo;7;72;2/01/1900;3/01/1900
794;CHANCAY;activo;7;72;2/01/1900;3/01/1900
795;SAN MIGUEL (San Miguel de Pallaques);activo;7;73;2/01/1900;3/01/1900
796;BOLIVAR;activo;7;73;2/01/1900;3/01/1900
797;CALQUIS;activo;7;73;2/01/1900;3/01/1900
798;CATILLUC;activo;7;73;2/01/1900;3/01/1900
799;EL PRADO;activo;7;73;2/01/1900;3/01/1900
800;LA FLORIDA;activo;7;73;2/01/1900;3/01/1900
801;LLAPA;activo;7;73;2/01/1900;3/01/1900
802;NANCHOC;activo;7;73;2/01/1900;3/01/1900
803;NIEPOS;activo;7;73;2/01/1900;3/01/1900
804;SAN GREGORIO;activo;7;73;2/01/1900;3/01/1900
805;SAN SILVESTRE DE COCHAN;activo;7;73;2/01/1900;3/01/1900
806;TONGOD;activo;7;73;2/01/1900;3/01/1900
807;UNION AGUA BLANCA (Agua Blanca);activo;7;73;2/01/1900;3/01/1900
808;SAN PABLO;activo;7;74;2/01/1900;3/01/1900
809;SAN BERNARDINO;activo;7;74;2/01/1900;3/01/1900
810;SAN LUIS (San Luis Grande);activo;7;74;2/01/1900;3/01/1900
811;TUMBADEN;activo;7;74;2/01/1900;3/01/1900
812;SANTA CRUZ (Santa Cruz de Succhabamba);activo;7;75;2/01/1900;3/01/1900
813;ANDABAMBA;activo;7;75;2/01/1900;3/01/1900
814;CATACHE;activo;7;75;2/01/1900;3/01/1900
815;CHANCAYBAnOS;activo;7;75;2/01/1900;3/01/1900
816;LA ESPERANZA;activo;7;75;2/01/1900;3/01/1900
817;NINABAMBA;activo;7;75;2/01/1900;3/01/1900
818;PULAN;activo;7;75;2/01/1900;3/01/1900
819;SAUCEPAMPA;activo;7;75;2/01/1900;3/01/1900
820;SEXI;activo;7;75;2/01/1900;3/01/1900
821;UTICYACU;activo;7;75;2/01/1900;3/01/1900
822;YAUYUCAN;activo;7;75;2/01/1900;3/01/1900
823;ZORRITOS;activo;8;76;2/01/1900;3/01/1900
824;CASITAS(Canaveral);activo;8;76;2/01/1900;3/01/1900
825;TUMBES;activo;8;77;2/01/1900;3/01/1900
826;CORRALES(San Pedro de los Incas);activo;8;77;2/01/1900;3/01/1900
827;LA CRUZ(Caleta Cruz);activo;8;77;2/01/1900;3/01/1900
828;PAMPAS DE HOSPITAL;activo;8;77;2/01/1900;3/01/1900
829;SAN JACINTO;activo;8;77;2/01/1900;3/01/1900
830;SAN JUAN DE LA VIRGEN;activo;8;77;2/01/1900;3/01/1900
831;ZARUMILLA;activo;8;78;2/01/1900;3/01/1900
832;AGUAS VERDES;activo;8;78;2/01/1900;3/01/1900
833;MATAPALO;activo;8;78;2/01/1900;3/01/1900
834;PAPAYAL;activo;8;78;2/01/1900;3/01/1900
835;AYABACA;activo;9;79;2/01/1900;3/01/1900
836;FRIAS;activo;9;79;2/01/1900;3/01/1900
837;JILILI;activo;9;79;2/01/1900;3/01/1900
838;LAGUNAS;activo;9;79;2/01/1900;3/01/1900
839;MONTERO;activo;9;79;2/01/1900;3/01/1900
840;PACAIPAMPA;activo;9;79;2/01/1900;3/01/1900
841;PAIMAS;activo;9;79;2/01/1900;3/01/1900
842;SAPILLICA;activo;9;79;2/01/1900;3/01/1900
843;SICCHEZ;activo;9;79;2/01/1900;3/01/1900
844;SUYO;activo;9;79;2/01/1900;3/01/1900
845;HUANCABAMBA;activo;9;80;2/01/1900;3/01/1900
846;CANCHAQUE;activo;9;80;2/01/1900;3/01/1900
847;EL CARMEN DE LA FRONTERA;activo;9;80;2/01/1900;3/01/1900
848;HUARMACA;activo;9;80;2/01/1900;3/01/1900
849;LALAQUIZ (Tunal);activo;9;80;2/01/1900;3/01/1900
850;SAN MIGUEL DE EL FAIQUE;activo;9;80;2/01/1900;3/01/1900
851;SONDOR;activo;9;80;2/01/1900;3/01/1900
852;SONDORILLO;activo;9;80;2/01/1900;3/01/1900
853;CHULUCANAS;activo;9;81;2/01/1900;3/01/1900
854;BUENOS AIRES;activo;9;81;2/01/1900;3/01/1900
855;CHALACO;activo;9;81;2/01/1900;3/01/1900
856;LA MATANZA;activo;9;81;2/01/1900;3/01/1900
857;MORROPON;activo;9;81;2/01/1900;3/01/1900
858;SALITRAL;activo;9;81;2/01/1900;3/01/1900
859;SAN JUAN DE BIGOTE (Bogote);activo;9;81;2/01/1900;3/01/1900
860;SANTA CATALINA DE MOSSA;activo;9;81;2/01/1900;3/01/1900
861;SANTO DOMINGO;activo;9;81;2/01/1900;3/01/1900
862;YAMANGO;activo;9;81;2/01/1900;3/01/1900
863;PAITA;activo;9;82;2/01/1900;3/01/1900
864;AMOTAPE;activo;9;82;2/01/1900;3/01/1900
865;ARENAL;activo;9;82;2/01/1900;3/01/1900
866;COLAN (San Lucas);activo;9;82;2/01/1900;3/01/1900
867;LA HUACA;activo;9;82;2/01/1900;3/01/1900
868;TAMARINDO;activo;9;82;2/01/1900;3/01/1900
869;VICHAYAL (Sn. Felino de Vichayal);activo;9;82;2/01/1900;3/01/1900
870;PIURA;activo;9;83;2/01/1900;3/01/1900
871;CASTILLA;activo;9;83;2/01/1900;3/01/1900
872;CATACAOS;activo;9;83;2/01/1900;3/01/1900
873;CURA MORI (Cucungara);activo;9;83;2/01/1900;3/01/1900
874;EL TALLAN (Sinchao);activo;9;83;2/01/1900;3/01/1900
875;LA ARENA;activo;9;83;2/01/1900;3/01/1900
876;LA UNION;activo;9;83;2/01/1900;3/01/1900
877;LAS LOMAS;activo;9;83;2/01/1900;3/01/1900
878;TAMBO GRANDE;activo;9;83;2/01/1900;3/01/1900
879;SECHURA;activo;9;84;2/01/1900;3/01/1900
880;BELLAVISTA LA UNION (Bellavista);activo;9;84;2/01/1900;3/01/1900
881;BERNAL;activo;9;84;2/01/1900;3/01/1900
882;CRISTO NOS VALGA (San Cristo);activo;9;84;2/01/1900;3/01/1900
883;RINCONADA LLICUAR (Dos Pueblos);activo;9;84;2/01/1900;3/01/1900
884;VICE;activo;9;84;2/01/1900;3/01/1900
885;SULLANA;activo;9;85;2/01/1900;3/01/1900
886;BELLAVISTA;activo;9;85;2/01/1900;3/01/1900
887;IGNACIO ESCUDERO (San Jacinto);activo;9;85;2/01/1900;3/01/1900
888;LANCONES;activo;9;85;2/01/1900;3/01/1900
889;MARCAVELICA;activo;9;85;2/01/1900;3/01/1900
890;MIGUEL CHECA (Sojo);activo;9;85;2/01/1900;3/01/1900
891;QUERECOTILLO;activo;9;85;2/01/1900;3/01/1900
892;SALITRAL;activo;9;85;2/01/1900;3/01/1900
893;PARInAS (Talara);activo;9;86;2/01/1900;3/01/1900
894;EL ALTO;activo;9;86;2/01/1900;3/01/1900
895;LA BREA (Negritos);activo;9;86;2/01/1900;3/01/1900
896;LOBITOS;activo;9;86;2/01/1900;3/01/1900
897;LOS ORGANOS;activo;9;86;2/01/1900;3/01/1900
898;MANCORA;activo;9;86;2/01/1900;3/01/1900
899;CHICLAYO;activo;10;87;2/01/1900;3/01/1900
900;CHONGOYAPE;activo;10;87;2/01/1900;3/01/1900
901;ETEN;activo;10;87;2/01/1900;3/01/1900
902;ETEN PUERTO;activo;10;87;2/01/1900;3/01/1900
903;JOSE LEONARDO ORTIZ;activo;10;87;2/01/1900;3/01/1900
904;LA VICTORIA;activo;10;87;2/01/1900;3/01/1900
905;LAGUNAS (Mocupe) 1/;activo;10;87;2/01/1900;3/01/1900
906;MONSEFU;activo;10;87;2/01/1900;3/01/1900
907;NUEVA ARICA;activo;10;87;2/01/1900;3/01/1900
908;OYOTUN;activo;10;87;2/01/1900;3/01/1900
909;PICSI;activo;10;87;2/01/1900;3/01/1900
910;PIMENTEL;activo;10;87;2/01/1900;3/01/1900
911;REQUE;activo;10;87;2/01/1900;3/01/1900
912;SANTA ROSA;activo;10;87;2/01/1900;3/01/1900
913;SAnA;activo;10;87;2/01/1900;3/01/1900
914;SANTA ROSA;activo;10;87;2/01/1900;3/01/1900
915;CAYALTI;activo;10;87;2/01/1900;3/01/1900
916;PATAPO;activo;10;87;2/01/1900;3/01/1900
917;POMALCA;activo;10;87;2/01/1900;3/01/1900
918;PUCALA;activo;10;87;2/01/1900;3/01/1900
919;TUMAN;activo;10;87;2/01/1900;3/01/1900
920;FERREnAFE;activo;10;88;2/01/1900;3/01/1900
921;CAnARIS;activo;10;88;2/01/1900;3/01/1900
922;INCAHUASI;activo;10;88;2/01/1900;3/01/1900
923;MANUEL ATONIO MESONES MURO;activo;10;88;2/01/1900;3/01/1900
924;PITIPO;activo;10;88;2/01/1900;3/01/1900
925;PUEBLO NUEVO;activo;10;88;2/01/1900;3/01/1900
926;LAMBAYEQUE;activo;10;89;2/01/1900;3/01/1900
927;CHOCHOPE;activo;10;89;2/01/1900;3/01/1900
928;ILLIMO;activo;10;89;2/01/1900;3/01/1900
929;JAYANCA;activo;10;89;2/01/1900;3/01/1900
930;MOCHUMI;activo;10;89;2/01/1900;3/01/1900
931;MORROPE;activo;10;89;2/01/1900;3/01/1900
932;MOTUPE;activo;10;89;2/01/1900;3/01/1900
933;OLMOS;activo;10;89;2/01/1900;3/01/1900
934;PACORA;activo;10;89;2/01/1900;3/01/1900
935;SALAS;activo;10;89;2/01/1900;3/01/1900
936;SAN JOSE;activo;10;89;2/01/1900;3/01/1900
937;TUCUME;activo;10;89;2/01/1900;3/01/1900
938;ACOMAYO;activo;11;90;2/01/1900;3/01/1900
939;ACOPIA;activo;11;90;2/01/1900;3/01/1900
940;ACOS;activo;11;90;2/01/1900;3/01/1900
941;MOSOC LLACTA;activo;11;90;2/01/1900;3/01/1900
942;POMACANCHI;activo;11;90;2/01/1900;3/01/1900
943;RONDOCAN;activo;11;90;2/01/1900;3/01/1900
944;SANGARARA;activo;11;90;2/01/1900;3/01/1900
945;ANTA;activo;11;91;2/01/1900;3/01/1900
946;ANCAHUASI;activo;11;91;2/01/1900;3/01/1900
947;CACHIMAYO;activo;11;91;2/01/1900;3/01/1900
948;CHINCHAYPUJIO;activo;11;91;2/01/1900;3/01/1900
949;HUAROCONDO;activo;11;91;2/01/1900;3/01/1900
950;LIMATAMBO;activo;11;91;2/01/1900;3/01/1900
951;MOLLEPATA;activo;11;91;2/01/1900;3/01/1900
952;PUCYURA;activo;11;91;2/01/1900;3/01/1900
953;ZURITE;activo;11;91;2/01/1900;3/01/1900
954;CALCA;activo;11;92;2/01/1900;3/01/1900
955;COYA;activo;11;92;2/01/1900;3/01/1900
956;LAMAY;activo;11;92;2/01/1900;3/01/1900
957;LARES;activo;11;92;2/01/1900;3/01/1900
958;PISAC;activo;11;92;2/01/1900;3/01/1900
959;SAN SALVADOR;activo;11;92;2/01/1900;3/01/1900
960;TARAY;activo;11;92;2/01/1900;3/01/1900
961;YANATILE;activo;11;92;2/01/1900;3/01/1900
962;YANAOCA;activo;11;93;2/01/1900;3/01/1900
963;CHECCA;activo;11;93;2/01/1900;3/01/1900
964;KUNTURKANKI;activo;11;93;2/01/1900;3/01/1900
965;LANGUI;activo;11;93;2/01/1900;3/01/1900
966;LAYO;activo;11;93;2/01/1900;3/01/1900
967;PAMPAMARCA;activo;11;93;2/01/1900;3/01/1900
968;QUEHUE;activo;11;93;2/01/1900;3/01/1900
969;TUPAC AMARU;activo;11;93;2/01/1900;3/01/1900
970;SICUANI;activo;11;94;2/01/1900;3/01/1900
971;CHECACUPE;activo;11;94;2/01/1900;3/01/1900
972;COMBAPATA;activo;11;94;2/01/1900;3/01/1900
973;MARANGANI;activo;11;94;2/01/1900;3/01/1900
974;PITUMARCA;activo;11;94;2/01/1900;3/01/1900
975;SAN PABLO;activo;11;94;2/01/1900;3/01/1900
976;SAN PEDRO;activo;11;94;2/01/1900;3/01/1900
977;TINTA;activo;11;94;2/01/1900;3/01/1900
978;CALLAO;activo;1;194;2/01/1900;3/01/1900
979;BELLAVISTA;activo;1;194;2/01/1900;3/01/1900
980;CARMEN DE LA LEGUA REYNOSO;activo;1;194;2/01/1900;3/01/1900
981;LA PERLA;activo;1;194;2/01/1900;3/01/1900
982;LA PUNTA;activo;1;194;2/01/1900;3/01/1900
983;VENTANILLA;activo;1;194;2/01/1900;3/01/1900
984;SANTA ANA;activo;11;95;2/01/1900;3/01/1900
985;ECHARATE;activo;11;95;2/01/1900;3/01/1900
986;HUAYOPATA;activo;11;95;2/01/1900;3/01/1900
987;MARANURA;activo;11;95;2/01/1900;3/01/1900
988;OCOBAMBA;activo;11;95;2/01/1900;3/01/1900
989;QUELLOUNO;activo;11;95;2/01/1900;3/01/1900
990;QUIMBIRI;activo;11;95;2/01/1900;3/01/1900
991;SANTA TERESA;activo;11;95;2/01/1900;3/01/1900
992;VILCABAMBA;activo;11;95;2/01/1900;3/01/1900
993;PICHARI;activo;11;95;2/01/1900;3/01/1900
994;CUSCO;activo;11;96;2/01/1900;3/01/1900
995;CCORCA;activo;11;96;2/01/1900;3/01/1900
996;POROY;activo;11;96;2/01/1900;3/01/1900
997;SAN JERONIMO;activo;11;96;2/01/1900;3/01/1900
998;SAN SEBASTIAN;activo;11;96;2/01/1900;3/01/1900
999;SANTIAGO;activo;11;96;2/01/1900;3/01/1900
1000;SAYLLA;activo;11;96;2/01/1900;3/01/1900
1001;WANCHAQ;activo;11;96;2/01/1900;3/01/1900
1002;SANTO TOMAS;activo;11;97;2/01/1900;3/01/1900
1003;CAPACMARCA;activo;11;97;2/01/1900;3/01/1900
1004;CHAMACA;activo;11;97;2/01/1900;3/01/1900
1005;COLQUEMARCA;activo;11;97;2/01/1900;3/01/1900
1006;LIVITACA;activo;11;97;2/01/1900;3/01/1900
1007;LLUSCO;activo;11;97;2/01/1900;3/01/1900
1008;QUInOTA;activo;11;97;2/01/1900;3/01/1900
1009;VELILLE;activo;11;97;2/01/1900;3/01/1900
1010;ESPINAR;activo;11;98;2/01/1900;3/01/1900
1011;CONDOROMA;activo;11;98;2/01/1900;3/01/1900
1012;COPORAQUE;activo;11;98;2/01/1900;3/01/1900
1013;OCORURO;activo;11;98;2/01/1900;3/01/1900
1014;PALLPATA;activo;11;98;2/01/1900;3/01/1900
1015;PICHIGUA;activo;11;98;2/01/1900;3/01/1900
1016;SUYCKUTAMBO;activo;11;98;2/01/1900;3/01/1900
1017;ALTO PICHIGUA;activo;11;98;2/01/1900;3/01/1900
1018;PARURO;activo;11;99;2/01/1900;3/01/1900
1019;ACCHA;activo;11;99;2/01/1900;3/01/1900
1020;CCAPI;activo;11;99;2/01/1900;3/01/1900
1021;COLCHA;activo;11;99;2/01/1900;3/01/1900
1022;HUANOQUITE;activo;11;99;2/01/1900;3/01/1900
1023;OMACHA;activo;11;99;2/01/1900;3/01/1900
1024;PACCARITAMBO;activo;11;99;2/01/1900;3/01/1900
1025;PILLPINTO;activo;11;99;2/01/1900;3/01/1900
1026;YAURISQUE;activo;11;99;2/01/1900;3/01/1900
1027;PAUCARTAMBO;activo;11;100;2/01/1900;3/01/1900
1028;CAICAY;activo;11;100;2/01/1900;3/01/1900
1029;CHALLABAMBA;activo;11;100;2/01/1900;3/01/1900
1030;COLQUEPATA;activo;11;100;2/01/1900;3/01/1900
1031;HUANCARANI;activo;11;100;2/01/1900;3/01/1900
1032;KOSnIPATA;activo;11;100;2/01/1900;3/01/1900
1033;URCOS;activo;11;101;2/01/1900;3/01/1900
1034;ANDAHUAYLILLAS;activo;11;101;2/01/1900;3/01/1900
1035;CAMANTI;activo;11;101;2/01/1900;3/01/1900
1036;CCARHUAYO;activo;11;101;2/01/1900;3/01/1900
1037;CCATCA;activo;11;101;2/01/1900;3/01/1900
1038;CUSIPATA;activo;11;101;2/01/1900;3/01/1900
1039;HUARO;activo;11;101;2/01/1900;3/01/1900
1040;LUCRE;activo;11;101;2/01/1900;3/01/1900
1041;MARCAPATA;activo;11;101;2/01/1900;3/01/1900
1042;OCONGATE;activo;11;101;2/01/1900;3/01/1900
1043;OROPESA;activo;11;101;2/01/1900;3/01/1900
1044;QUIQUIJANA;activo;11;101;2/01/1900;3/01/1900
1045;URUBAMBA;activo;11;102;2/01/1900;3/01/1900
1046;CHINCHERO;activo;11;102;2/01/1900;3/01/1900
1047;HUAYLLABAMBA;activo;11;102;2/01/1900;3/01/1900
1048;MACHUPICCHU;activo;11;102;2/01/1900;3/01/1900
1049;MARAS;activo;11;102;2/01/1900;3/01/1900
1050;OLLANTAYTAMBO;activo;11;102;2/01/1900;3/01/1900
1051;YUCAY;activo;11;102;2/01/1900;3/01/1900
1052;ACOBAMBA;activo;12;103;2/01/1900;3/01/1900
1053;ANDABAMBA;activo;12;103;2/01/1900;3/01/1900
1054;ANTA;activo;12;103;2/01/1900;3/01/1900
1055;CAJA;activo;12;103;2/01/1900;3/01/1900
1056;MARCAS;activo;12;103;2/01/1900;3/01/1900
1057;PAUCARA;activo;12;103;2/01/1900;3/01/1900
1058;POMACOCHA;activo;12;103;2/01/1900;3/01/1900
1059;ROSARIO;activo;12;103;2/01/1900;3/01/1900
1060;LIRCAY;activo;12;104;2/01/1900;3/01/1900
1061;ANCHONGA;activo;12;104;2/01/1900;3/01/1900
1062;CALLANMARCA;activo;12;104;2/01/1900;3/01/1900
1063;CCOCHACCASA;activo;12;104;2/01/1900;3/01/1900
1064;CHINCHO;activo;12;104;2/01/1900;3/01/1900
1065;CONGALLA;activo;12;104;2/01/1900;3/01/1900
1066;HUANCA-HUANCA;activo;12;104;2/01/1900;3/01/1900
1067;HUAYLLAY GRANDE;activo;12;104;2/01/1900;3/01/1900
1068;JULCAMARCA;activo;12;104;2/01/1900;3/01/1900
1069;SAN ANTONIO DE ANTAPARCO (Antaparco);activo;12;104;2/01/1900;3/01/1900
1070;SANTO TOMAS DE PATA;activo;12;104;2/01/1900;3/01/1900
1071;SECCLLA;activo;12;104;2/01/1900;3/01/1900
1072;CASTROVIRREYNA;activo;12;105;2/01/1900;3/01/1900
1073;ARMA;activo;12;105;2/01/1900;3/01/1900
1074;AURAHUA;activo;12;105;2/01/1900;3/01/1900
1075;CAPILLAS;activo;12;105;2/01/1900;3/01/1900
1076;CHUPAMARCA;activo;12;105;2/01/1900;3/01/1900
1077;COCAS;activo;12;105;2/01/1900;3/01/1900
1078;HUACHOS;activo;12;105;2/01/1900;3/01/1900
1079;HUAMATAMBO;activo;12;105;2/01/1900;3/01/1900
1080;MOLLEPAMPA;activo;12;105;2/01/1900;3/01/1900
1081;SAN JUAN;activo;12;105;2/01/1900;3/01/1900
1082;SANTA ANA;activo;12;105;2/01/1900;3/01/1900
1083;TANTARA;activo;12;105;2/01/1900;3/01/1900
1084;TICRAPO;activo;12;105;2/01/1900;3/01/1900
1085;CHURCAMPA;activo;12;106;2/01/1900;3/01/1900
1086;ANCO (La Esmeralda);activo;12;106;2/01/1900;3/01/1900
1087;CHINCHIHUASI;activo;12;106;2/01/1900;3/01/1900
1088;EL CARMEN;activo;12;106;2/01/1900;3/01/1900
1089;LA MERCED;activo;12;106;2/01/1900;3/01/1900
1090;LOCROJA;activo;12;106;2/01/1900;3/01/1900
1091;PACHAMARCA;activo;12;106;2/01/1900;3/01/1900
1092;PAUCARBAMBA;activo;12;106;2/01/1900;3/01/1900
1093;SAN MIGUEL DE MAYOCC (Mayocc);activo;12;106;2/01/1900;3/01/1900
1094;SAN PEDRO DE CORIS;activo;12;106;2/01/1900;3/01/1900
1095;HUANCAVELICA;activo;12;107;2/01/1900;3/01/1900
1096;ACOBAMBILLA;activo;12;107;2/01/1900;3/01/1900
1097;ACORIA;activo;12;107;2/01/1900;3/01/1900
1098;CONAYCA;activo;12;107;2/01/1900;3/01/1900
1099;CUENCA;activo;12;107;2/01/1900;3/01/1900
1100;HUACHOCOLPA;activo;12;107;2/01/1900;3/01/1900
1101;HUAYLLAHUARA;activo;12;107;2/01/1900;3/01/1900
1102;IZCUCHACA;activo;12;107;2/01/1900;3/01/1900
1103;LARIA;activo;12;107;2/01/1900;3/01/1900
1104;MANTA;activo;12;107;2/01/1900;3/01/1900
1105;MARISCAL CACERES;activo;12;107;2/01/1900;3/01/1900
1106;MOYA;activo;12;107;2/01/1900;3/01/1900
1107;NUEVO OCCORO;activo;12;107;2/01/1900;3/01/1900
1108;PALCA;activo;12;107;2/01/1900;3/01/1900
1109;PILCHACA;activo;12;107;2/01/1900;3/01/1900
1110;VILCA;activo;12;107;2/01/1900;3/01/1900
1111;YAULI;activo;12;107;2/01/1900;3/01/1900
1112;ASCENCION;activo;12;107;2/01/1900;3/01/1900
1113;HUAYTARA;activo;12;108;2/01/1900;3/01/1900
1114;AYAVI;activo;12;108;2/01/1900;3/01/1900
1115;CORDOVA;activo;12;108;2/01/1900;3/01/1900
1116;HUAYACUNDO ARMA;activo;12;108;2/01/1900;3/01/1900
1117;LARAMARCA;activo;12;108;2/01/1900;3/01/1900
1118;OCOYO;activo;12;108;2/01/1900;3/01/1900
1119;PILPICHACA;activo;12;108;2/01/1900;3/01/1900
1120;QUERCO;activo;12;108;2/01/1900;3/01/1900
1121;QUITO-ARMA;activo;12;108;2/01/1900;3/01/1900
1122;SAN ANTONIO DE CUSICANCHA (Cusicancha);activo;12;108;2/01/1900;3/01/1900
1123;SAN FRANCISCO DE SANGAYAICO;activo;12;108;2/01/1900;3/01/1900
1124;SAN ISIDRO (San Juan de Huirpacancha);activo;12;108;2/01/1900;3/01/1900
1125;SANTIAGO DE CHOCORVOS;activo;12;108;2/01/1900;3/01/1900
1126;SANTIAGO DE QUIRAHUARA;activo;12;108;2/01/1900;3/01/1900
1127;SANTO DOMINGO DE CAPILLAS;activo;12;108;2/01/1900;3/01/1900
1128;TAMBO;activo;12;108;2/01/1900;3/01/1900
1129;PAMPAS;activo;12;109;2/01/1900;3/01/1900
1130;ACOSTAMBO;activo;12;109;2/01/1900;3/01/1900
1131;ACRAQUIA;activo;12;109;2/01/1900;3/01/1900
1132;AHUAYCHA;activo;12;109;2/01/1900;3/01/1900
1133;COLCABAMBA;activo;12;109;2/01/1900;3/01/1900
1134;DANIEL HERNANDEZ (Mcal. Cáceres);activo;12;109;2/01/1900;3/01/1900
1135;HUACHOCOLPA;activo;12;109;2/01/1900;3/01/1900
1136;HUANDO;activo;12;109;2/01/1900;3/01/1900
1137;HUARIBAMBA;activo;12;109;2/01/1900;3/01/1900
1138;nAHUIMPUQUIO;activo;12;109;2/01/1900;3/01/1900
1139;PAZOS;activo;12;109;2/01/1900;3/01/1900
1140;QUISHUAR;activo;12;109;2/01/1900;3/01/1900
1141;SALCABAMBA;activo;12;109;2/01/1900;3/01/1900
1142;SALCAHUASI;activo;12;109;2/01/1900;3/01/1900
1143;SAN MARCOS DE ROCCHAC;activo;12;109;2/01/1900;3/01/1900
1144;SURCUBAMBA;activo;12;109;2/01/1900;3/01/1900
1145;TINTAY PUNCU (Tintay);activo;12;109;2/01/1900;3/01/1900
1146;HUANUCO;activo;13;110;2/01/1900;3/01/1900
1147;AMARILIS(Paucarbamba);activo;13;110;2/01/1900;3/01/1900
1148;CHINCHAO(Acomayo);activo;13;110;2/01/1900;3/01/1900
1149;CHURUBAMBA;activo;13;110;2/01/1900;3/01/1900
1150;MARGOS;activo;13;110;2/01/1900;3/01/1900
1151;QUISQUI(Huancapallac);activo;13;110;2/01/1900;3/01/1900
1152;SAN FRANCISCO DE CAYRAN(Cayran);activo;13;110;2/01/1900;3/01/1900
1153;SAN PEDRO DE CHAULAN(Chaulan);activo;13;110;2/01/1900;3/01/1900
1154;SANTA MARIA DEL VALLE;activo;13;110;2/01/1900;3/01/1900
1155;YARUMAYO;activo;13;110;2/01/1900;3/01/1900
1156;PILLCO MARCA;activo;13;110;2/01/1900;3/01/1900
1157;AMBO;activo;13;111;2/01/1900;3/01/1900
1158;CAYNA;activo;13;111;2/01/1900;3/01/1900
1159;COLPAS;activo;13;111;2/01/1900;3/01/1900
1160;CONCHAMARCA;activo;13;111;2/01/1900;3/01/1900
1161;HUACAR;activo;13;111;2/01/1900;3/01/1900
1162;SAN FRANCISCO(Mosca);activo;13;111;2/01/1900;3/01/1900
1163;SAN RAFAEL;activo;13;111;2/01/1900;3/01/1900
1164;TOMAY KICHWA;activo;13;111;2/01/1900;3/01/1900
1165;LA UNION;activo;13;112;2/01/1900;3/01/1900
1166;CHUQUIS;activo;13;112;2/01/1900;3/01/1900
1167;MARIAS;activo;13;112;2/01/1900;3/01/1900
1168;PACHAS;activo;13;112;2/01/1900;3/01/1900
1169;QUIVILLA;activo;13;112;2/01/1900;3/01/1900
1170;RIPAN;activo;13;112;2/01/1900;3/01/1900
1171;SHUNQUI;activo;13;112;2/01/1900;3/01/1900
1172;SILLAPATA;activo;13;112;2/01/1900;3/01/1900
1173;YANAS;activo;13;112;2/01/1900;3/01/1900
1174;HUACAYBAMBA;activo;13;113;2/01/1900;3/01/1900
1175;CANCHABAMBA;activo;13;113;2/01/1900;3/01/1900
1176;COCHABAMBA;activo;13;113;2/01/1900;3/01/1900
1177;PINRA;activo;13;113;2/01/1900;3/01/1900
1178;LLATA;activo;13;114;2/01/1900;3/01/1900
1179;ARANCAY;activo;13;114;2/01/1900;3/01/1900
1180;CHAVIN DE PARIARCA;activo;13;114;2/01/1900;3/01/1900
1181;JACAS GRANDE;activo;13;114;2/01/1900;3/01/1900
1182;JIRCAN;activo;13;114;2/01/1900;3/01/1900
1183;MIRAFLORES;activo;13;114;2/01/1900;3/01/1900
1184;MONZON;activo;13;114;2/01/1900;3/01/1900
1185;PUNCHAO;activo;13;114;2/01/1900;3/01/1900
1186;PUnOS;activo;13;114;2/01/1900;3/01/1900
1187;SINGA;activo;13;114;2/01/1900;3/01/1900
1188;TANTAMAYO;activo;13;114;2/01/1900;3/01/1900
1189;RUPA-RUPA(Tingo María);activo;13;115;2/01/1900;3/01/1900
1190;DANIEL ALOMIA ROBLES;activo;13;115;2/01/1900;3/01/1900
1191;HERMILIO VALDIZAN;activo;13;115;2/01/1900;3/01/1900
1192;JOSE CRESPO Y CASTILLO(Aucayacu);activo;13;115;2/01/1900;3/01/1900
1193;LUYANDO 1/;activo;13;115;2/01/1900;3/01/1900
1194;MARIANO DAMASO BERAUN(Las Palmas);activo;13;115;2/01/1900;3/01/1900
1195;HUACRACHUCO;activo;13;116;2/01/1900;3/01/1900
1196;CHOLON(San Pedro de Chonta);activo;13;116;2/01/1900;3/01/1900
1197;SAN BUENAVENTURA;activo;13;116;2/01/1900;3/01/1900
1198;PANAO;activo;13;117;2/01/1900;3/01/1900
1199;CHAGLLA;activo;13;117;2/01/1900;3/01/1900
1200;MOLINO;activo;13;117;2/01/1900;3/01/1900
1201;UMARI 2/;activo;13;117;2/01/1900;3/01/1900
1202;PUERTO INCA;activo;13;118;2/01/1900;3/01/1900
1203;CODO DEL POZUZO;activo;13;118;2/01/1900;3/01/1900
1204;HONORIA;activo;13;118;2/01/1900;3/01/1900
1205;TOURNAVISTA;activo;13;118;2/01/1900;3/01/1900
1206;YUYAPICHIS;activo;13;118;2/01/1900;3/01/1900
1207;JESUS;activo;13;119;2/01/1900;3/01/1900
1208;BAnOS;activo;13;119;2/01/1900;3/01/1900
1209;JIVIA;activo;13;119;2/01/1900;3/01/1900
1210;QUEROPALCA;activo;13;119;2/01/1900;3/01/1900
1211;RONDOS;activo;13;119;2/01/1900;3/01/1900
1212;SAN FRANCISCO DE ASIS(Huarin);activo;13;119;2/01/1900;3/01/1900
1213;SAN MIGUEL DE CAURI(Cauri);activo;13;119;2/01/1900;3/01/1900
1214;CHAVINILLO;activo;13;120;2/01/1900;3/01/1900
1215;CAHUAC;activo;13;120;2/01/1900;3/01/1900
1216;CHACABAMBA;activo;13;120;2/01/1900;3/01/1900
1217;CHUPAN;activo;13;120;2/01/1900;3/01/1900
1218;JACAS CHICO(San Cristobal de Jacas Chico);activo;13;120;2/01/1900;3/01/1900
1219;OBAS;activo;13;120;2/01/1900;3/01/1900
1220;PAMPAMARCA;activo;13;120;2/01/1900;3/01/1900
1221;CHINCHA ALTA;activo;14;121;2/01/1900;3/01/1900
1222;ALTO LARAN;activo;14;121;2/01/1900;3/01/1900
1223;CHAVIN;activo;14;121;2/01/1900;3/01/1900
1224;CHINCHA BAJA;activo;14;121;2/01/1900;3/01/1900
1225;EL CARMEN;activo;14;121;2/01/1900;3/01/1900
1226;GROCIO PRADO (San Pedro);activo;14;121;2/01/1900;3/01/1900
1227;PUEBLO NUEVO;activo;14;121;2/01/1900;3/01/1900
1228;SAN JUAN DE YANAC;activo;14;121;2/01/1900;3/01/1900
1229;SAN PEDRO DE HUACARPANA;activo;14;121;2/01/1900;3/01/1900
1230;SUNAMPE;activo;14;121;2/01/1900;3/01/1900
1231;TAMBO DE MORA;activo;14;121;2/01/1900;3/01/1900
1232;ICA;activo;14;122;2/01/1900;3/01/1900
1233;LA TINGUInA;activo;14;122;2/01/1900;3/01/1900
1234;LOS AQUIJES;activo;14;122;2/01/1900;3/01/1900
1235;OCUCAJE;activo;14;122;2/01/1900;3/01/1900
1236;PACHACUTEC (Pampa de Tate);activo;14;122;2/01/1900;3/01/1900
1237;PARCONA;activo;14;122;2/01/1900;3/01/1900
1238;PUEBLO NUEVO;activo;14;122;2/01/1900;3/01/1900
1239;SALAS (Guadalupe);activo;14;122;2/01/1900;3/01/1900
1240;SAN JOSE DE LOS MOLINOS;activo;14;122;2/01/1900;3/01/1900
1241;SAN JUAN BAUTISTA;activo;14;122;2/01/1900;3/01/1900
1242;SANTIAGO;activo;14;122;2/01/1900;3/01/1900
1243;SUBTANJALLA;activo;14;122;2/01/1900;3/01/1900
1244;TATE (Tate de la Capilla);activo;14;122;2/01/1900;3/01/1900
1245;YAUCA DEL ROSARIO (Curis) 1/;activo;14;122;2/01/1900;3/01/1900
1246;NAZCA;activo;14;123;2/01/1900;3/01/1900
1247;CHANGUILLO;activo;14;123;2/01/1900;3/01/1900
1248;EL INGENIO;activo;14;123;2/01/1900;3/01/1900
1249;MARCONA (San Juan);activo;14;123;2/01/1900;3/01/1900
1250;VISTA ALEGRE;activo;14;123;2/01/1900;3/01/1900
1251;PALPA;activo;14;124;2/01/1900;3/01/1900
1252;LLIPATA;activo;14;124;2/01/1900;3/01/1900
1253;RIO GRANDE;activo;14;124;2/01/1900;3/01/1900
1254;SANTA CRUZ;activo;14;124;2/01/1900;3/01/1900
1255;TIBILLO;activo;14;124;2/01/1900;3/01/1900
1256;PISCO;activo;14;125;2/01/1900;3/01/1900
1257;HUANCANO;activo;14;125;2/01/1900;3/01/1900
1258;HUMAY;activo;14;125;2/01/1900;3/01/1900
1259;INDEPENDENCIA;activo;14;125;2/01/1900;3/01/1900
1260;PARACAS;activo;14;125;2/01/1900;3/01/1900
1261;SAN ANDRES;activo;14;125;2/01/1900;3/01/1900
1262;SAN CLEMENTE;activo;14;125;2/01/1900;3/01/1900
1263;TUPAC AMARU INCA (Tupac Amaru);activo;14;125;2/01/1900;3/01/1900
1264;CHANCHAMAYO (La Merced);activo;15;126;2/01/1900;3/01/1900
1265;PERENE;activo;15;126;2/01/1900;3/01/1900
1266;PICHANAQUI (Bajo Pichanaqui);activo;15;126;2/01/1900;3/01/1900
1267;SAN LUIS DE SHUARO;activo;15;126;2/01/1900;3/01/1900
1268;SAN RAMON;activo;15;126;2/01/1900;3/01/1900
1269;VITOC (Pucará);activo;15;126;2/01/1900;3/01/1900
1270;CHUPACA;activo;15;127;2/01/1900;3/01/1900
1271;AHUAC;activo;15;127;2/01/1900;3/01/1900
1272;CHONGOS BAJO;activo;15;127;2/01/1900;3/01/1900
1273;HUACHAC;activo;15;127;2/01/1900;3/01/1900
1274;HUAMANCACA CHICO;activo;15;127;2/01/1900;3/01/1900
1275;SAN JUAN DE YSCOS (Yscos);activo;15;127;2/01/1900;3/01/1900
1276;SAN JUAN DE JARPA (Jarpa);activo;15;127;2/01/1900;3/01/1900
1277;TRES DE DICIEMBRE;activo;15;127;2/01/1900;3/01/1900
1278;YANACANCHA;activo;15;127;2/01/1900;3/01/1900
1279;CONCEPCION;activo;15;128;2/01/1900;3/01/1900
1280;ACO;activo;15;128;2/01/1900;3/01/1900
1281;ANDAMARCA;activo;15;128;2/01/1900;3/01/1900
1282;CHAMBARA;activo;15;128;2/01/1900;3/01/1900
1283;COCHAS;activo;15;128;2/01/1900;3/01/1900
1284;COMAS;activo;15;128;2/01/1900;3/01/1900
1285;HEROINAS TOLEDO (San Antonio de Ocopa);activo;15;128;2/01/1900;3/01/1900
1286;MANZANARES (San Miguel);activo;15;128;2/01/1900;3/01/1900
1287;MARISCAL CASTILLA (Mucllo);activo;15;128;2/01/1900;3/01/1900
1288;MATAHUASI;activo;15;128;2/01/1900;3/01/1900
1289;MITO;activo;15;128;2/01/1900;3/01/1900
1290;NUEVE DE JULIO (Santo Domingo del Prado);activo;15;128;2/01/1900;3/01/1900
1291;ORCOTUNA;activo;15;128;2/01/1900;3/01/1900
1292;SAN JOSE DE QUERO;activo;15;128;2/01/1900;3/01/1900
1293;SANTA ROSA DE OCOPA (Santa Rosa);activo;15;128;2/01/1900;3/01/1900
1294;HUANCAYO;activo;15;129;2/01/1900;3/01/1900
1295;CARHUACALLANGA;activo;15;129;2/01/1900;3/01/1900
1296;CHACAPAMPA;activo;15;129;2/01/1900;3/01/1900
1297;CHICCHE;activo;15;129;2/01/1900;3/01/1900
1298;CHILCA;activo;15;129;2/01/1900;3/01/1900
1299;CHONGOS ALTO;activo;15;129;2/01/1900;3/01/1900
1300;CHUPURO;activo;15;129;2/01/1900;3/01/1900
1301;COLCA;activo;15;129;2/01/1900;3/01/1900
1302;CULLHUAS;activo;15;129;2/01/1900;3/01/1900
1303;EL TAMBO;activo;15;129;2/01/1900;3/01/1900
1304;HUACRAPUQUIO;activo;15;129;2/01/1900;3/01/1900
1305;HUALHUAS;activo;15;129;2/01/1900;3/01/1900
1306;HUANCAN;activo;15;129;2/01/1900;3/01/1900
1307;HUASICANCHA;activo;15;129;2/01/1900;3/01/1900
1308;HUAYUCACHI;activo;15;129;2/01/1900;3/01/1900
1309;INGENIO;activo;15;129;2/01/1900;3/01/1900
1310;PARIAHUANCA;activo;15;129;2/01/1900;3/01/1900
1311;PILCOMAYO;activo;15;129;2/01/1900;3/01/1900
1312;PUCARA;activo;15;129;2/01/1900;3/01/1900
1313;QUICHUAY;activo;15;129;2/01/1900;3/01/1900
1314;QUILCAS;activo;15;129;2/01/1900;3/01/1900
1315;SAN AGUSTIN;activo;15;129;2/01/1900;3/01/1900
1316;SAN JERONIMO DE TUNAN;activo;15;129;2/01/1900;3/01/1900
1317;SAnO (San Pedro de Sano);activo;15;129;2/01/1900;3/01/1900
1318;SANTO DOMINGO DE ACOBAMBA;activo;15;129;2/01/1900;3/01/1900
1319;SAPALLANGA;activo;15;129;2/01/1900;3/01/1900
1320;SICAYA;activo;15;129;2/01/1900;3/01/1900
1321;VIQUES;activo;15;129;2/01/1900;3/01/1900
1322;JAUJA;activo;15;130;2/01/1900;3/01/1900
1323;ACOLLA;activo;15;130;2/01/1900;3/01/1900
1324;APATA;activo;15;130;2/01/1900;3/01/1900
1325;ATAURA;activo;15;130;2/01/1900;3/01/1900
1326;CANCHAYLLO;activo;15;130;2/01/1900;3/01/1900
1327;CURICACA (El Rosario);activo;15;130;2/01/1900;3/01/1900
1328;EL MANTARO (Pucucho);activo;15;130;2/01/1900;3/01/1900
1329;HUAMALI;activo;15;130;2/01/1900;3/01/1900
1330;HUARIPAMPA;activo;15;130;2/01/1900;3/01/1900
1331;HUERTAS;activo;15;130;2/01/1900;3/01/1900
1332;JANJAILLO;activo;15;130;2/01/1900;3/01/1900
1333;JULCAN;activo;15;130;2/01/1900;3/01/1900
1334;LEONOR ORDOnEZ (Huancani);activo;15;130;2/01/1900;3/01/1900
1335;LLOCLLAPAMPA;activo;15;130;2/01/1900;3/01/1900
1336;MARCO;activo;15;130;2/01/1900;3/01/1900
1337;MASMA;activo;15;130;2/01/1900;3/01/1900
1338;MASMA CHICCHE;activo;15;130;2/01/1900;3/01/1900
1339;MOLINOS;activo;15;130;2/01/1900;3/01/1900
1340;MONOBAMBA;activo;15;130;2/01/1900;3/01/1900
1341;MUQUI;activo;15;130;2/01/1900;3/01/1900
1342;MUQUIYAUYO;activo;15;130;2/01/1900;3/01/1900
1343;PACA;activo;15;130;2/01/1900;3/01/1900
1344;PACCHA;activo;15;130;2/01/1900;3/01/1900
1345;PANCAN;activo;15;130;2/01/1900;3/01/1900
1346;PARCO;activo;15;130;2/01/1900;3/01/1900
1347;POMACANCHA;activo;15;130;2/01/1900;3/01/1900
1348;RICRAN;activo;15;130;2/01/1900;3/01/1900
1349;SAN LORENZO;activo;15;130;2/01/1900;3/01/1900
1350;SAN PEDRO DE CHUNAN;activo;15;130;2/01/1900;3/01/1900
1351;SAUSA;activo;15;130;2/01/1900;3/01/1900
1352;SINCOS;activo;15;130;2/01/1900;3/01/1900
1353;TUNAN MARCA (Concho);activo;15;130;2/01/1900;3/01/1900
1354;YAULI;activo;15;130;2/01/1900;3/01/1900
1355;YAUYOS;activo;15;130;2/01/1900;3/01/1900
1356;JUNIN;activo;15;131;2/01/1900;3/01/1900
1357;CARHUAMAYO;activo;15;131;2/01/1900;3/01/1900
1358;ONDORES;activo;15;131;2/01/1900;3/01/1900
1359;ULCUMAYO;activo;15;131;2/01/1900;3/01/1900
1360;SATIPO;activo;15;132;2/01/1900;3/01/1900
1361;COVIRIALI;activo;15;132;2/01/1900;3/01/1900
1362;LLAYLLA;activo;15;132;2/01/1900;3/01/1900
1363;MAZAMARI;activo;15;132;2/01/1900;3/01/1900
1364;PAMPA HERMOSA (Mariposa);activo;15;132;2/01/1900;3/01/1900
1365;PANGOA (San Martín de Pangoa);activo;15;132;2/01/1900;3/01/1900
1366;RIO NEGRO;activo;15;132;2/01/1900;3/01/1900
1367;RIO TAMBO (Puerto Ocopa);activo;15;132;2/01/1900;3/01/1900
1368;TARMA;activo;15;133;2/01/1900;3/01/1900
1369;ACOBAMBA;activo;15;133;2/01/1900;3/01/1900
1370;HUARICOLCA;activo;15;133;2/01/1900;3/01/1900
1371;HUASAHUASI;activo;15;133;2/01/1900;3/01/1900
1372;LA UNION (Leticia);activo;15;133;2/01/1900;3/01/1900
1373;PALCA;activo;15;133;2/01/1900;3/01/1900
1374;PALCAMAYO;activo;15;133;2/01/1900;3/01/1900
1375;SAN PEDRO DE CAJAS;activo;15;133;2/01/1900;3/01/1900
1376;TAPO;activo;15;133;2/01/1900;3/01/1900
1377;LA OROYA;activo;15;134;2/01/1900;3/01/1900
1378;CHACAPALPA;activo;15;134;2/01/1900;3/01/1900
1379;HUAY-HUAY;activo;15;134;2/01/1900;3/01/1900
1380;MARCAPOMACOCHA;activo;15;134;2/01/1900;3/01/1900
1381;MOROCOCHA;activo;15;134;2/01/1900;3/01/1900
1382;PACCHA;activo;15;134;2/01/1900;3/01/1900
1383;SANTA BARBARA DE CARHUACAYAN;activo;15;134;2/01/1900;3/01/1900
1384;SANTA ROSA DE SACCO;activo;15;134;2/01/1900;3/01/1900
1385;SUITUCANCHA;activo;15;134;2/01/1900;3/01/1900
1386;YAULI;activo;15;134;2/01/1900;3/01/1900
1387;ASCOPE;activo;16;135;2/01/1900;3/01/1900
1388;CHICAMA;activo;16;135;2/01/1900;3/01/1900
1389;CHOCOPE;activo;16;135;2/01/1900;3/01/1900
1390;MAGDALENA DE CAO;activo;16;135;2/01/1900;3/01/1900
1391;PAIJAN;activo;16;135;2/01/1900;3/01/1900
1392;RAZURI (Puerto de Malabrigo);activo;16;135;2/01/1900;3/01/1900
1393;SANTIAGO DE CAO;activo;16;135;2/01/1900;3/01/1900
1394;CASA GRANDE;activo;16;135;2/01/1900;3/01/1900
1395;BOLIVAR;activo;16;136;2/01/1900;3/01/1900
1396;BAMBAMARCA;activo;16;136;2/01/1900;3/01/1900
1397;CONDORMARCA;activo;16;136;2/01/1900;3/01/1900
1398;LONGOTEA;activo;16;136;2/01/1900;3/01/1900
1399;UCHUMARCA;activo;16;136;2/01/1900;3/01/1900
1400;UCUNCHA;activo;16;136;2/01/1900;3/01/1900
1401;CHEPEN;activo;16;137;2/01/1900;3/01/1900
1402;PACANGA;activo;16;137;2/01/1900;3/01/1900
1403;PUEBLO NUEVO;activo;16;137;2/01/1900;3/01/1900
1404;CASCAS;activo;16;138;2/01/1900;3/01/1900
1405;LUCMA;activo;16;138;2/01/1900;3/01/1900
1406;MARMOT 1/;activo;16;138;2/01/1900;3/01/1900
1407;SAYAPULLO;activo;16;138;2/01/1900;3/01/1900
1408;JULCAN;activo;16;139;2/01/1900;3/01/1900
1409;CALAMARCA;activo;16;139;2/01/1900;3/01/1900
1410;CARABAMBA;activo;16;139;2/01/1900;3/01/1900
1411;HUASO;activo;16;139;2/01/1900;3/01/1900
1412;OTUZCO;activo;16;140;2/01/1900;3/01/1900
1413;AGALLPAMPA;activo;16;140;2/01/1900;3/01/1900
1414;CHARAT;activo;16;140;2/01/1900;3/01/1900
1415;HUARANCHAL;activo;16;140;2/01/1900;3/01/1900
1416;LA CUESTA;activo;16;140;2/01/1900;3/01/1900
1417;MACHE;activo;16;140;2/01/1900;3/01/1900
1418;PARANDAY;activo;16;140;2/01/1900;3/01/1900
1419;SALPO;activo;16;140;2/01/1900;3/01/1900
1420;SINSICAP;activo;16;140;2/01/1900;3/01/1900
1421;USQUIL;activo;16;140;2/01/1900;3/01/1900
1422;SAN PEDRO DE LLOC;activo;16;141;2/01/1900;3/01/1900
1423;GUADALUPE;activo;16;141;2/01/1900;3/01/1900
1424;JEQUETEPEQUE;activo;16;141;2/01/1900;3/01/1900
1425;PACASMAYO;activo;16;141;2/01/1900;3/01/1900
1426;SAN JOSE;activo;16;141;2/01/1900;3/01/1900
1427;TAYABAMBA;activo;16;142;2/01/1900;3/01/1900
1428;BULDIBUYO;activo;16;142;2/01/1900;3/01/1900
1429;CHILLIA;activo;16;142;2/01/1900;3/01/1900
1430;HUANCASPATA;activo;16;142;2/01/1900;3/01/1900
1431;HUAYLILLAS;activo;16;142;2/01/1900;3/01/1900
1432;HUAYO;activo;16;142;2/01/1900;3/01/1900
1433;ONGON;activo;16;142;2/01/1900;3/01/1900
1434;PARCOY;activo;16;142;2/01/1900;3/01/1900
1435;PATAZ;activo;16;142;2/01/1900;3/01/1900
1436;PIAS;activo;16;142;2/01/1900;3/01/1900
1437;SANTIAGO DE CHALLAS (Challas);activo;16;142;2/01/1900;3/01/1900
1438;TAURIJA;activo;16;142;2/01/1900;3/01/1900
1439;URPAY;activo;16;142;2/01/1900;3/01/1900
1440;HUAMACHUCO;activo;16;143;2/01/1900;3/01/1900
1441;CHUGAY;activo;16;143;2/01/1900;3/01/1900
1442;COCHORCO (Aricapampa);activo;16;143;2/01/1900;3/01/1900
1443;CURGOS;activo;16;143;2/01/1900;3/01/1900
1444;MARCABAL;activo;16;143;2/01/1900;3/01/1900
1445;SANAGORAN;activo;16;143;2/01/1900;3/01/1900
1446;SARIN;activo;16;143;2/01/1900;3/01/1900
1447;SARTIMBAMBA;activo;16;143;2/01/1900;3/01/1900
1448;SANTIAGO DE CHUCO;activo;16;144;2/01/1900;3/01/1900
1449;ANGASMARCA;activo;16;144;2/01/1900;3/01/1900
1450;CACHICADAN;activo;16;144;2/01/1900;3/01/1900
1451;MOLLEBAMBA;activo;16;144;2/01/1900;3/01/1900
1452;MOLLEPATA;activo;16;144;2/01/1900;3/01/1900
1453;QUIRUVILCA;activo;16;144;2/01/1900;3/01/1900
1454;SANTA CRUZ DE CHUCA;activo;16;144;2/01/1900;3/01/1900
1455;SITABAMBA;activo;16;144;2/01/1900;3/01/1900
1456;TRUJILLO;activo;16;145;2/01/1900;3/01/1900
1457;EL PORVENIR;activo;16;145;2/01/1900;3/01/1900
1458;FLORENCIA DE MORA;activo;16;145;2/01/1900;3/01/1900
1459;HUANCHACO;activo;16;145;2/01/1900;3/01/1900
1460;LA ESPERANZA;activo;16;145;2/01/1900;3/01/1900
1461;LAREDO;activo;16;145;2/01/1900;3/01/1900
1462;MOCHE;activo;16;145;2/01/1900;3/01/1900
1463;POROTO;activo;16;145;2/01/1900;3/01/1900
1464;SALAVERRY;activo;16;145;2/01/1900;3/01/1900
1465;SIMBAL;activo;16;145;2/01/1900;3/01/1900
1466;VICTOR LARCO HERRERA (Buenos Aires);activo;16;145;2/01/1900;3/01/1900
1467;VIRU;activo;16;146;2/01/1900;3/01/1900
1468;CHAO;activo;16;146;2/01/1900;3/01/1900
1469;GUADALUPITO;activo;16;146;2/01/1900;3/01/1900
1470;FITZCARRALD 3/;activo;17;147;2/01/1900;3/01/1900
1471;MANU 2/;activo;17;147;2/01/1900;3/01/1900
1472;MADRE DE DIOS 4/;activo;17;147;2/01/1900;3/01/1900
1473;HEUPETUHE;activo;17;147;2/01/1900;3/01/1900
1474;InAPARI;activo;17;148;2/01/1900;3/01/1900
1475;IBERIA;activo;17;148;2/01/1900;3/01/1900
1476;TAHUAMANU (San Lorenzo);activo;17;148;2/01/1900;3/01/1900
1477;TAMBOPATA (Pto. Maldonado);activo;17;149;2/01/1900;3/01/1900
1478;INAMBARI (Mazuco);activo;17;149;2/01/1900;3/01/1900
1479;LAS PIEDRAS 1/;activo;17;149;2/01/1900;3/01/1900
1480;LABERINTO (Pto. Rosario de Laberinto);activo;17;149;2/01/1900;3/01/1900
1481;YURIMAGUAS;activo;18;150;2/01/1900;3/01/1900
1482;BALSAPUERTO;activo;18;150;2/01/1900;3/01/1900
1483;JEBEROS;activo;18;150;2/01/1900;3/01/1900
1484;LAGUNAS;activo;18;150;2/01/1900;3/01/1900
1485;SANTA CRUZ;activo;18;150;2/01/1900;3/01/1900
1486;TENIENTE CESAR LOPEZ ROJAS (Shucushuyacu);activo;18;150;2/01/1900;3/01/1900
1487;BARRANCA;activo;18;151;2/01/1900;3/01/1900
1488;CAHUAPANAS;activo;18;151;2/01/1900;3/01/1900
1489;MANSERICHE (Borja);activo;18;151;2/01/1900;3/01/1900
1490;MORONA (Pto. América);activo;18;151;2/01/1900;3/01/1900
1491;PASTAZA;activo;18;151;2/01/1900;3/01/1900
1492;ANDOAS;activo;18;151;2/01/1900;3/01/1900
1493;NAUTA;activo;18;152;2/01/1900;3/01/1900
1494;PARINARI 2/;activo;18;152;2/01/1900;3/01/1900
1495;TIGRE (Intutu);activo;18;152;2/01/1900;3/01/1900
1496;TROMPETEROS (Villa Trompeteros);activo;18;152;2/01/1900;3/01/1900
1497;URARINAS (Concordia) 3/;activo;18;152;2/01/1900;3/01/1900
1498;RAMON CASTILLA (Caballococha);activo;18;153;2/01/1900;3/01/1900
1499;PEBAS;activo;18;153;2/01/1900;3/01/1900
1500;YAVARI (Amelia);activo;18;153;2/01/1900;3/01/1900
1501;SAN PABLO;activo;18;153;2/01/1900;3/01/1900
1502;IQUITOS;activo;18;154;2/01/1900;3/01/1900
1503;ALTO NANAY (Sta. María de Nanay);activo;18;154;2/01/1900;3/01/1900
1504;FERNANDO LORES (Tamshiyacu);activo;18;154;2/01/1900;3/01/1900
1505;INDIANA;activo;18;154;2/01/1900;3/01/1900
1506;LAS AMAZONAS (Fco. de Orellana);activo;18;154;2/01/1900;3/01/1900
1507;MAZAN;activo;18;154;2/01/1900;3/01/1900
1508;NAPO (Sta. Clotilde);activo;18;154;2/01/1900;3/01/1900
1509;PUNCHANA;activo;18;154;2/01/1900;3/01/1900
1510;PUTUMAYO (Puca Urco) 1/;activo;18;154;2/01/1900;3/01/1900
1511;TORRES CAUSANA (Pantoja);activo;18;154;2/01/1900;3/01/1900
1512;BELEN;activo;18;154;2/01/1900;3/01/1900
1513;SAN JUAN BAUTISTA;activo;18;154;2/01/1900;3/01/1900
1514;TENIENTE MANUEL CAVERO;activo;18;154;2/01/1900;3/01/1900
1515;REQUENA;activo;18;155;2/01/1900;3/01/1900
1516;ALTO TAPICHE (Sta. Elena);activo;18;155;2/01/1900;3/01/1900
1517;CAPELO (Flor de Punga);activo;18;155;2/01/1900;3/01/1900
1518;EMILIO SAN MARTIN (Tamango);activo;18;155;2/01/1900;3/01/1900
1519;MAQUIA (Sta. Isabel);activo;18;155;2/01/1900;3/01/1900
1520;PUINAHUA (Bretana);activo;18;155;2/01/1900;3/01/1900
1521;SAQUENA (Bagazán);activo;18;155;2/01/1900;3/01/1900
1522;SOPLIN (Nva. Alejandría) 4/;activo;18;155;2/01/1900;3/01/1900
1523;TAPICHE (Iberia);activo;18;155;2/01/1900;3/01/1900
1524;YAQUERANA (Bolognesi) * 5/;activo;18;155;2/01/1900;3/01/1900
1525;JENARO HERRERA;activo;18;155;2/01/1900;3/01/1900
1526;CONTAMANA;activo;18;156;2/01/1900;3/01/1900
1527;INAHUAYA;activo;18;156;2/01/1900;3/01/1900
1528;PADRE MARQUEZ (Tiruntán);activo;18;156;2/01/1900;3/01/1900
1529;PAMPA HERMOSA;activo;18;156;2/01/1900;3/01/1900
1530;SARAYACU (Dos de Mayo);activo;18;156;2/01/1900;3/01/1900
1531;VARGAS GUERRA (Orellana);activo;18;156;2/01/1900;3/01/1900
1532;OMATE;activo;19;157;2/01/1900;3/01/1900
1533;CHOJATA;activo;19;157;2/01/1900;3/01/1900
1534;COALAQUE;activo;19;157;2/01/1900;3/01/1900
1535;ICHUnA;activo;19;157;2/01/1900;3/01/1900
1536;LA CAPILLA;activo;19;157;2/01/1900;3/01/1900
1537;LLOQUE;activo;19;157;2/01/1900;3/01/1900
1538;MATALAQUE;activo;19;157;2/01/1900;3/01/1900
1539;PUQUINA;activo;19;157;2/01/1900;3/01/1900
1540;QUINISTAQUILLAS;activo;19;157;2/01/1900;3/01/1900
1541;UBINAS;activo;19;157;2/01/1900;3/01/1900
1542;YUNGA;activo;19;157;2/01/1900;3/01/1900
1543;ILO;activo;19;158;2/01/1900;3/01/1900
1544;EL ALGARROBAL;activo;19;158;2/01/1900;3/01/1900
1545;PACOCHA(Pueblo Nuevo);activo;19;158;2/01/1900;3/01/1900
1546;MOQUEGUA;activo;19;159;2/01/1900;3/01/1900
1547;CARUMAS;activo;19;159;2/01/1900;3/01/1900
1548;CUCHUMBAYA;activo;19;159;2/01/1900;3/01/1900
1549;SAMEGUA;activo;19;159;2/01/1900;3/01/1900
1550;SAN CRISTOBAL(Calacoa);activo;19;159;2/01/1900;3/01/1900
1551;TORATA;activo;19;159;2/01/1900;3/01/1900
1552;YANAHUANCA;activo;20;160;2/01/1900;3/01/1900
1553;CHACAYAN;activo;20;160;2/01/1900;3/01/1900
1554;GOYLLARISQUIZGA;activo;20;160;2/01/1900;3/01/1900
1555;PAUCAR;activo;20;160;2/01/1900;3/01/1900
1556;SAN PEDRO DE PILLAO;activo;20;160;2/01/1900;3/01/1900
1557;SANTA ANA DE TUSI;activo;20;160;2/01/1900;3/01/1900
1558;TAPUC;activo;20;160;2/01/1900;3/01/1900
1559;VILCABAMBA;activo;20;160;2/01/1900;3/01/1900
1560;OXAPAMPA;activo;20;161;2/01/1900;3/01/1900
1561;CHONTABAMBA;activo;20;161;2/01/1900;3/01/1900
1562;HUANCABAMBA;activo;20;161;2/01/1900;3/01/1900
1563;PALCAZU (Lacozacin);activo;20;161;2/01/1900;3/01/1900
1564;POZUZO;activo;20;161;2/01/1900;3/01/1900
1565;PUERTO BERMUDEZ;activo;20;161;2/01/1900;3/01/1900
1566;VILLA RICA;activo;20;161;2/01/1900;3/01/1900
1567;CHAUPIMARCA (C. de Pasco);activo;20;162;2/01/1900;3/01/1900
1568;HUACHON;activo;20;162;2/01/1900;3/01/1900
1569;HUARIACA;activo;20;162;2/01/1900;3/01/1900
1570;HUAYLLAY;activo;20;162;2/01/1900;3/01/1900
1571;NINACACA;activo;20;162;2/01/1900;3/01/1900
1572;PALLANCHACRA;activo;20;162;2/01/1900;3/01/1900
1573;PAUCARTAMBO;activo;20;162;2/01/1900;3/01/1900
1574;SAN FCO.DE ASIS DE YARUSYACAN (Yarustacán);activo;20;162;2/01/1900;3/01/1900
1575;SIMON BOLIVAR (San Antonio de Rancas);activo;20;162;2/01/1900;3/01/1900
1576;TICLACAYAN;activo;20;162;2/01/1900;3/01/1900
1577;TINYAHUARCO;activo;20;162;2/01/1900;3/01/1900
1578;VICCO;activo;20;162;2/01/1900;3/01/1900
1579;YANACANCHA;activo;20;162;2/01/1900;3/01/1900
1580;BELLAVISTA;activo;21;163;2/01/1900;3/01/1900
1581;ALTO BIAVO (Cuzco);activo;21;163;2/01/1900;3/01/1900
1582;BAJO BIAVO (Nueva Lima);activo;21;163;2/01/1900;3/01/1900
1583;HUALLAGA (Ledoy);activo;21;163;2/01/1900;3/01/1900
1584;SAN PABLO;activo;21;163;2/01/1900;3/01/1900
1585;SAN RAFAEL;activo;21;163;2/01/1900;3/01/1900
1586;SAN JOSE DE SISA;activo;21;164;2/01/1900;3/01/1900
1587;AGUA BLANCA;activo;21;164;2/01/1900;3/01/1900
1588;SAN MARTIN;activo;21;164;2/01/1900;3/01/1900
1589;SANTA ROSA;activo;21;164;2/01/1900;3/01/1900
1590;SHATOJA;activo;21;164;2/01/1900;3/01/1900
1591;SAPOSOA;activo;21;165;2/01/1900;3/01/1900
1592;ALTO SAPOSOA (Pasarraya);activo;21;165;2/01/1900;3/01/1900
1593;EL ESLABON;activo;21;165;2/01/1900;3/01/1900
1594;PISCOYACU;activo;21;165;2/01/1900;3/01/1900
1595;SACANCHE;activo;21;165;2/01/1900;3/01/1900
1596;TINGO DE SAPOA;activo;21;165;2/01/1900;3/01/1900
1597;LAMAS;activo;21;166;2/01/1900;3/01/1900
1598;ALONSO DE ALVARA (Roque);activo;21;166;2/01/1900;3/01/1900
1599;BARRANQUITA;activo;21;166;2/01/1900;3/01/1900
1600;CAYNARACHI (Shanusi) 1/;activo;21;166;2/01/1900;3/01/1900
1601;CUnUMBUQUI;activo;21;166;2/01/1900;3/01/1900
1602;PINTO RECODO;activo;21;166;2/01/1900;3/01/1900
1603;RUMISAPA;activo;21;166;2/01/1900;3/01/1900
1604;SAN ROQUE DE CUMBAZA;activo;21;166;2/01/1900;3/01/1900
1605;SHANAO;activo;21;166;2/01/1900;3/01/1900
1606;TABALOSOS;activo;21;166;2/01/1900;3/01/1900
1607;ZAPATERO;activo;21;166;2/01/1900;3/01/1900
1608;JUANJUI;activo;21;167;2/01/1900;3/01/1900
1609;CAMPANILLA;activo;21;167;2/01/1900;3/01/1900
1610;HUICUNGO;activo;21;167;2/01/1900;3/01/1900
1611;PACHIZA;activo;21;167;2/01/1900;3/01/1900
1612;PAJARILLO;activo;21;167;2/01/1900;3/01/1900
1613;MOYOBAMBA;activo;21;168;2/01/1900;3/01/1900
1614;CALZADDA;activo;21;168;2/01/1900;3/01/1900
1615;HABANA;activo;21;168;2/01/1900;3/01/1900
1616;JEPELACIO;activo;21;168;2/01/1900;3/01/1900
1617;SORITOR;activo;21;168;2/01/1900;3/01/1900
1618;YANTALO;activo;21;168;2/01/1900;3/01/1900
1619;PICOTA;activo;21;169;2/01/1900;3/01/1900
1620;BUENOS AIRES;activo;21;169;2/01/1900;3/01/1900
1621;CASPISAPA;activo;21;169;2/01/1900;3/01/1900
1622;PILLUANA;activo;21;169;2/01/1900;3/01/1900
1623;PUCACACA;activo;21;169;2/01/1900;3/01/1900
1624;SAN CRISTOBAL (Puerto Rico);activo;21;169;2/01/1900;3/01/1900
1625;SAN HILARION (San Cristobal de Sisa);activo;21;169;2/01/1900;3/01/1900
1626;SHAMBOYACU;activo;21;169;2/01/1900;3/01/1900
1627;TINGO DE PONASA;activo;21;169;2/01/1900;3/01/1900
1628;TRES UNIDOS;activo;21;169;2/01/1900;3/01/1900
1629;RIOJA;activo;21;170;2/01/1900;3/01/1900
1630;AWAJUN (Bajo Naranjillo);activo;21;170;2/01/1900;3/01/1900
1631;ELIAS SOPLIN VARGAS (Sda. Jerusalén-Azunguill;activo;21;170;2/01/1900;3/01/1900
1632;NUEVA CAJAMARCA;activo;21;170;2/01/1900;3/01/1900
1633;PARDO MIGUEL (Naranjos);activo;21;170;2/01/1900;3/01/1900
1634;POSIC;activo;21;170;2/01/1900;3/01/1900
1635;SAN FERNANDO;activo;21;170;2/01/1900;3/01/1900
1636;YORONGOS;activo;21;170;2/01/1900;3/01/1900
1637;YURACYACU;activo;21;170;2/01/1900;3/01/1900
1638;TARAPOTO;activo;21;171;2/01/1900;3/01/1900
1639;ALBERTO LEVEAU (Utcurarca);activo;21;171;2/01/1900;3/01/1900
1640;CACATACHI;activo;21;171;2/01/1900;3/01/1900
1641;CHAZUTA;activo;21;171;2/01/1900;3/01/1900
1642;CHIPURANA (Navarro);activo;21;171;2/01/1900;3/01/1900
1643;EL PORVENIR (Pelejo);activo;21;171;2/01/1900;3/01/1900
1644;HUMBAYOC;activo;21;171;2/01/1900;3/01/1900
1645;JUAN GUERRA;activo;21;171;2/01/1900;3/01/1900
1646;LA BANDA DE SHILCAYO (La Banda);activo;21;171;2/01/1900;3/01/1900
1647;MORALES;activo;21;171;2/01/1900;3/01/1900
1648;PAPAPLAYA;activo;21;171;2/01/1900;3/01/1900
1649;SAN ANTONIO;activo;21;171;2/01/1900;3/01/1900
1650;SAUCE;activo;21;171;2/01/1900;3/01/1900
1651;SHAPAJA;activo;21;171;2/01/1900;3/01/1900
1652;TOCACHE;activo;21;172;2/01/1900;3/01/1900
1653;NUEVO PROGRESO;activo;21;172;2/01/1900;3/01/1900
1654;POLVORA 2/;activo;21;172;2/01/1900;3/01/1900
1655;SHUNTE (Tambo de Paja);activo;21;172;2/01/1900;3/01/1900
1656;UCHIZA;activo;21;172;2/01/1900;3/01/1900
1657;AZANGARO;activo;22;173;2/01/1900;3/01/1900
1658;ACHAYA;activo;22;173;2/01/1900;3/01/1900
1659;ARAPA;activo;22;173;2/01/1900;3/01/1900
1660;ASILLO;activo;22;173;2/01/1900;3/01/1900
1661;CAMINACA;activo;22;173;2/01/1900;3/01/1900
1662;CHUPA;activo;22;173;2/01/1900;3/01/1900
1663;JOSE DOMINGO CHOQUEHUANCA;activo;22;173;2/01/1900;3/01/1900
1664;MUnANI;activo;22;173;2/01/1900;3/01/1900
1665;POTONI;activo;22;173;2/01/1900;3/01/1900
1666;SAMAN;activo;22;173;2/01/1900;3/01/1900
1667;SAN ANTON;activo;22;173;2/01/1900;3/01/1900
1668;SAN JOSE;activo;22;173;2/01/1900;3/01/1900
1669;SAN JUAN DE SALINAS;activo;22;173;2/01/1900;3/01/1900
1670;SANTIAGO DE PUPUJA;activo;22;173;2/01/1900;3/01/1900
1671;TIRAPATA;activo;22;173;2/01/1900;3/01/1900
1672;MACUSANI;activo;22;174;2/01/1900;3/01/1900
1673;AJOYANI;activo;22;174;2/01/1900;3/01/1900
1674;AYAPATA;activo;22;174;2/01/1900;3/01/1900
1675;COASA;activo;22;174;2/01/1900;3/01/1900
1676;CORANI;activo;22;174;2/01/1900;3/01/1900
1677;CRUCERO;activo;22;174;2/01/1900;3/01/1900
1678;ITUATA (Tambillos);activo;22;174;2/01/1900;3/01/1900
1679;OLLACHEA;activo;22;174;2/01/1900;3/01/1900
1680;SAN GABAN (Lanlacuni Bajo);activo;22;174;2/01/1900;3/01/1900
1681;USICAYOS;activo;22;174;2/01/1900;3/01/1900
1682;JULI;activo;22;175;2/01/1900;3/01/1900
1683;DESAGUADERO;activo;22;175;2/01/1900;3/01/1900
1684;HUACULLANI;activo;22;175;2/01/1900;3/01/1900
1685;KELLUYO;activo;22;175;2/01/1900;3/01/1900
1686;PISACOMA;activo;22;175;2/01/1900;3/01/1900
1687;POMATA;activo;22;175;2/01/1900;3/01/1900
1688;ZEPITA;activo;22;175;2/01/1900;3/01/1900
1689;ILAVE;activo;22;176;2/01/1900;3/01/1900
1690;CAPAZO;activo;22;176;2/01/1900;3/01/1900
1691;PILCUYO;activo;22;176;2/01/1900;3/01/1900
1692;SANTA ROSA (Mazo Cruz);activo;22;176;2/01/1900;3/01/1900
1693;CONDURIRI;activo;22;176;2/01/1900;3/01/1900
1694;HUANCANE;activo;22;177;2/01/1900;3/01/1900
1695;COJATA;activo;22;177;2/01/1900;3/01/1900
1696;HUATASANI;activo;22;177;2/01/1900;3/01/1900
1697;INCHUPALLA;activo;22;177;2/01/1900;3/01/1900
1698;PUSI;activo;22;177;2/01/1900;3/01/1900
1699;ROSASPATA;activo;22;177;2/01/1900;3/01/1900
1700;TARACO;activo;22;177;2/01/1900;3/01/1900
1701;VILQUE CHICO;activo;22;177;2/01/1900;3/01/1900
1702;LAMPA;activo;22;178;2/01/1900;3/01/1900
1703;CABANILLA;activo;22;178;2/01/1900;3/01/1900
1704;CALAPUJA;activo;22;178;2/01/1900;3/01/1900
1705;NICASIO;activo;22;178;2/01/1900;3/01/1900
1706;OCUVIRI;activo;22;178;2/01/1900;3/01/1900
1707;PALCA;activo;22;178;2/01/1900;3/01/1900
1708;PARATIA;activo;22;178;2/01/1900;3/01/1900
1709;PUCARA;activo;22;178;2/01/1900;3/01/1900
1710;SANTA LUCIA;activo;22;178;2/01/1900;3/01/1900
1711;VILAVILA;activo;22;178;2/01/1900;3/01/1900
1712;AYAVIRI;activo;22;179;2/01/1900;3/01/1900
1713;ANTAUTA;activo;22;179;2/01/1900;3/01/1900
1714;CUPI;activo;22;179;2/01/1900;3/01/1900
1715;LLALLI;activo;22;179;2/01/1900;3/01/1900
1716;MACARI;activo;22;179;2/01/1900;3/01/1900
1717;NUnOA;activo;22;179;2/01/1900;3/01/1900
1718;ORURILLO;activo;22;179;2/01/1900;3/01/1900
1719;SANTA ROSA;activo;22;179;2/01/1900;3/01/1900
1720;UMACHIRI;activo;22;179;2/01/1900;3/01/1900
1721;MOHO;activo;22;180;2/01/1900;3/01/1900
1722;CONIMA;activo;22;180;2/01/1900;3/01/1900
1723;HUAYRAPATA;activo;22;180;2/01/1900;3/01/1900
1724;TILALI;activo;22;180;2/01/1900;3/01/1900
1725;PUNO;activo;22;181;2/01/1900;3/01/1900
1726;ACORA;activo;22;181;2/01/1900;3/01/1900
1727;AMANTANI;activo;22;181;2/01/1900;3/01/1900
1728;ATUNCOLLA;activo;22;181;2/01/1900;3/01/1900
1729;CAPACHICA;activo;22;181;2/01/1900;3/01/1900
1730;CHUCUITO;activo;22;181;2/01/1900;3/01/1900
1731;COATA;activo;22;181;2/01/1900;3/01/1900
1732;HUATA;activo;22;181;2/01/1900;3/01/1900
1733;MAnAZO;activo;22;181;2/01/1900;3/01/1900
1734;PAUCARCOLLA;activo;22;181;2/01/1900;3/01/1900
1735;PICHACANI ;activo;22;181;2/01/1900;3/01/1900
1736;PLATERIA;activo;22;181;2/01/1900;3/01/1900
1737;SAN ANTONIO ;activo;22;181;2/01/1900;3/01/1900
1738;TIQUILLACA;activo;22;181;2/01/1900;3/01/1900
1739;VILQUE;activo;22;181;2/01/1900;3/01/1900
1740;PUTINA;activo;22;182;2/01/1900;3/01/1900
1741;ANANEA;activo;22;182;2/01/1900;3/01/1900
1742;PEDRO VILCA APAZA;activo;22;182;2/01/1900;3/01/1900
1743;QUILCAPUNCU;activo;22;182;2/01/1900;3/01/1900
1744;SINA;activo;22;182;2/01/1900;3/01/1900
1745;JULIACA;activo;22;183;2/01/1900;3/01/1900
1746;CABANA;activo;22;183;2/01/1900;3/01/1900
1747;CABANILLAS ;activo;22;183;2/01/1900;3/01/1900
1748;CARACOTO;activo;22;183;2/01/1900;3/01/1900
1749;SANDIA;activo;22;184;2/01/1900;3/01/1900
1750;CUYOCUYO;activo;22;184;2/01/1900;3/01/1900
1751;LIMBANI;activo;22;184;2/01/1900;3/01/1900
1752;PATAMBUCO;activo;22;184;2/01/1900;3/01/1900
1753;PHARA;activo;22;184;2/01/1900;3/01/1900
1754;QUIACA;activo;22;184;2/01/1900;3/01/1900
1755;SAN JUAN DEL ORO;activo;22;184;2/01/1900;3/01/1900
1756;YANAHUAYA;activo;22;184;2/01/1900;3/01/1900
1757;ALTO INAMBARI ;activo;22;184;2/01/1900;3/01/1900
1758;YUNGUYO;activo;22;185;2/01/1900;3/01/1900
1759;ANAPIA;activo;22;185;2/01/1900;3/01/1900
1760;COPANI;activo;22;185;2/01/1900;3/01/1900
1761;CUTURAPI ;activo;22;185;2/01/1900;3/01/1900
1762;OLLARAYA ;activo;22;185;2/01/1900;3/01/1900
1763;TINICACHI;activo;22;185;2/01/1900;3/01/1900
1764;UNICACHI ;activo;22;185;2/01/1900;3/01/1900
1765;CANDARAVE;activo;23;186;2/01/1900;3/01/1900
1766;CAIRANI;activo;23;186;2/01/1900;3/01/1900
1767;CAMILACA;activo;23;186;2/01/1900;3/01/1900
1768;CURIBAYA;activo;23;186;2/01/1900;3/01/1900
1769;HUANUARA;activo;23;186;2/01/1900;3/01/1900
1770;QUILAHUANI;activo;23;186;2/01/1900;3/01/1900
1771;LOCUMBA;activo;23;187;2/01/1900;3/01/1900
1772;ILABAYA;activo;23;187;2/01/1900;3/01/1900
1773;ITE;activo;23;187;2/01/1900;3/01/1900
1774;TACNA;activo;23;188;2/01/1900;3/01/1900
1775;ALTO DE LA ALIANZA ;activo;23;188;2/01/1900;3/01/1900
1776;CALANA;activo;23;188;2/01/1900;3/01/1900
1777;INCLAN ;activo;23;188;2/01/1900;3/01/1900
1778;PACHIA;activo;23;188;2/01/1900;3/01/1900
1779;PALCA;activo;23;188;2/01/1900;3/01/1900
1780;POCOLLAY;activo;23;188;2/01/1900;3/01/1900
1781;SAMA ;activo;23;188;2/01/1900;3/01/1900
1782;CIUDAD NUEVA;activo;23;188;2/01/1900;3/01/1900
1783;TARATA;activo;23;189;2/01/1900;3/01/1900
1784;CHUCATAMANI;activo;23;189;2/01/1900;3/01/1900
1785;ESTIQUE;activo;23;189;2/01/1900;3/01/1900
1786;ESTIQUE-PAMPA;activo;23;189;2/01/1900;3/01/1900
1787;SITAJARA;activo;23;189;2/01/1900;3/01/1900
1788;SUSAPAYA;activo;23;189;2/01/1900;3/01/1900
1789;TARUCACHI;activo;23;189;2/01/1900;3/01/1900
1790;TICACO;activo;23;189;2/01/1900;3/01/1900
1791;RAYMONDI;activo;24;190;2/01/1900;3/01/1900
1792;SEPAHUA;activo;24;190;2/01/1900;3/01/1900
1793;TAHUANIA;activo;24;190;2/01/1900;3/01/1900
1794;YURUA;activo;24;190;2/01/1900;3/01/1900
1795;CALLARIA ;activo;24;191;2/01/1900;3/01/1900
1796;CAMPOVERDE;activo;24;191;2/01/1900;3/01/1900
1797;IPARIA;activo;24;191;2/01/1900;3/01/1900
1798;MASISEA;activo;24;191;2/01/1900;3/01/1900
1799;YARINACOCHA;activo;24;191;2/01/1900;3/01/1900
1800;NUEVA REQUENA;activo;24;191;2/01/1900;3/01/1900
1801;PADRE ABAD ;activo;24;192;2/01/1900;3/01/1900
1802;IRAZOLA ;activo;24;192;2/01/1900;3/01/1900
1803;CURIMANA;activo;24;192;2/01/1900;3/01/1900
1804;PURUS;activo;24;193;2/01/1900;3/01/1900
