1;movistar;indefinido1;indefinido;indefinido;2045345673;951906542;978111111;14;122;1232;ICA;;activo;0/01/1900;0/01/1900
2;entel;indefinido2;indefinido;indefinido;2050895851;951906542;978111111;14;122;1232;ICA;;activo;0/01/1900;0/01/1900
3;Laboratorio Clinico Diagnolab EIRL;indefinido3;indefinido;indefinido;3435456565;985927410;978111111;1;1;18;estacion naranjal, cassa 117;;activo;0/01/1900;0/01/1900
4;Ripley;indefinido4;indefinido;indefinido;10310367414;99999999;978111111;14;122;1232;aaaaaaaa;;activo;0/01/1900;0/01/1900
5;FONCODES;indefinido5;indefinido;indefinido;10423281172;99999999;978111111;1;1;25;Jr: Grau #319;;activo;0/01/1900;0/01/1900
6;Saga Falabella;indefinido6;indefinido;indefinido;123451237;956808717;978111111;14;122;1232;ICA;;activo;0/01/1900;0/01/1900
7;I.E. LA SALLE;indefinido7;indefinido;indefinido;123451238;14324567;978111111;1;1;14;av. el sol 324;a dos cuadras de la fabrica Jhon Holden;activo;0/01/1900;0/01/1900
8;BOTICA TU FARMA;indefinido8;indefinido;indefinido;123451239;992943838;978111111;1;1;12;Final de va universitaria.;;activo;0/01/1900;0/01/1900
9;BOTICA TU FARMA;indefinido9;indefinido;indefinido;123451240;960229560;978111111;1;1;14;aaa;;activo;0/01/1900;0/01/1900
10;BOTICA TU FARMA;indefinido10;indefinido;indefinido;123451241;1245312;978111111;1;1;14;av. el sol 617;a dos cuadras de la fabrica jhon holden;activo;0/01/1900;0/01/1900
11;CAFED;indefinido11;indefinido;indefinido;123451242;;978111111;1;194;978;aaaaaaaa;;activo;0/01/1900;0/01/1900
12;C.B. Sologuren;indefinido12;indefinido;indefinido;123451243;944683351;978111111;1;194;981;Jr. Ayacucho Mz F2 Lt10;;activo;0/01/1900;0/01/1900
13;C.B. Sologuren;indefinido13;indefinido;indefinido;123451244;951689108;978111111;1;194;981;Jr. Tupac Amaru;;activo;0/01/1900;0/01/1900
14;Posta Okendo;indefinido14;indefinido;indefinido;123451245;980544995;978111111;1;194;981;CALLAO;;activo;0/01/1900;0/01/1900
15;Casa de la Juventud Callao;indefinido15;indefinido;indefinido;123451246;934558370;978111111;1;194;983;Km 37 y medio Ventanilla;.;activo;0/01/1900;0/01/1900
16;Programa de Mujer;indefinido16;indefinido;indefinido;123451247;990609480;978111111;1;194;983;Luis Felipe de las Casas.;;activo;0/01/1900;0/01/1900
17;I.E SAN JUAN MASIAS;indefinido17;indefinido;indefinido;123451248;973775045;978111111;1;194;983;Villa los Reyes;;activo;0/01/1900;0/01/1900
18;Ejercito Del PerÃº;indefinido18;indefinido;indefinido;123451249;933160364;978111111;1;194;983;Av.La Playa S/N;;activo;0/01/1900;0/01/1900
19;Gobierno Regional Del Callao;indefinido19;indefinido;indefinido;123451250;13201322;978111111;1;194;983;Pachacutec - A una Cuadra del mercado Villa Pachacutec;;activo;0/01/1900;0/01/1900
20;Gobierno Regional del Callao;indefinido20;indefinido;indefinido;123451251;995056472;978111111;1;194;983;Av del Bierzo (paradedro Inca Cola, via Gambeta);;activo;0/01/1900;0/01/1900
21;I.E SAN JUAN MASIAS 5097;indefinido21;indefinido;indefinido;123451252;980547676;978111111;1;194;983;Pachacutec.;;activo;0/01/1900;0/01/1900
22;Unidad de Gestion Educativa local de Ventanilla;indefinido22;indefinido;indefinido;123451253;934418785;978111111;1;194;983;VENTANILLA;;activo;0/01/1900;0/01/1900
23;Municipalidad de Lurin;indefinido23;indefinido;indefinido;123451254;985885725;978111111;1;194;983;Pachacutec;;activo;0/01/1900;0/01/1900
24;Municipalidad Distrital de Lurin;indefinido24;indefinido;indefinido;123451255;940069698;978111111;1;194;983;CALLAO;;activo;0/01/1900;0/01/1900
25;C.S. Boca Negra;indefinido25;indefinido;indefinido;123451256;987498278;978111111;1;194;983;Pachacutec - Jose Olaya;;activo;0/01/1900;0/01/1900
26;Centro de Salud HermitaÃ±o;indefinido26;indefinido;indefinido;123451257;920219724;978111111;1;194;983;Av. Principal S/N Ventanilla Alta;;activo;0/01/1900;0/01/1900
27;Colegio SeÃ±or de la Misericordia;indefinido27;indefinido;indefinido;123451258;950894092;978111111;1;194;983;Pachacutec;;activo;0/01/1900;0/01/1900
28;Municipalidad de Puente Piedra;indefinido28;indefinido;indefinido;123451259;13201322;978111111;1;194;983;Frente Al Seguro;;activo;0/01/1900;0/01/1900
29;CEBE VENTANILLA;indefinido29;indefinido;indefinido;123451260;958622375;978111111;1;194;983;Ventanilla;;activo;0/01/1900;0/01/1900
30;I. E. SANTA MARIA;indefinido30;indefinido;indefinido;123451261;910072808;978111111;1;194;983;AA.HH. PACHACUTEC;;activo;0/01/1900;0/01/1900
31;CENTRO DE SALUD ANGAMOS;indefinido31;indefinido;indefinido;123451262;994409428;978111111;1;194;983;AA.HH. PACHACUTEC;;activo;0/01/1900;0/01/1900
32;I. E. PABLO PATRON;indefinido32;indefinido;indefinido;123451263;973669771;978111111;1;194;983;Via Ventanilla, paradero 3era de la naval.;;activo;0/01/1900;0/01/1900
33;UGEL VENTANILLA;indefinido33;indefinido;indefinido;123451264;945693958;978111111;1;194;983;Pachacutec;;activo;0/01/1900;0/01/1900
34;C. E. ALFA KIDS;indefinido34;indefinido;indefinido;123451265;977167313;978111111;1;194;983;sector 2 ciudad del deporte mzB1 lote 4-5;;activo;0/01/1900;0/01/1900
35;MUNICIPALIDAD DE S.M.P;indefinido35;indefinido;indefinido;123451266;958550549;978111111;1;194;983;VENTANILLA CALLAO;;activo;0/01/1900;0/01/1900
36;MUNICIPALIDAD DE S.M.P - CODISEE;indefinido36;indefinido;indefinido;123451267;964995389;978111111;1;194;983;VENTANILLA;;activo;0/01/1900;0/01/1900
37;Municipalidad de Puente Piedra;indefinido37;indefinido;indefinido;123451268;993346938;978111111;1;194;983;VENTANILLA;;activo;0/01/1900;0/01/1900
38;C.S Bocanegra;indefinido38;indefinido;indefinido;123451269;945693958;978111111;1;194;983;2 paradero de Angamos.;;activo;0/01/1900;0/01/1900
39;PROGRAMA - YACHAY;indefinido39;indefinido;indefinido;123451270;983930796;978111111;1;194;983;VENTANILLA;;activo;0/01/1900;0/01/1900
40;IEE MIGUEL GRAU;indefinido40;indefinido;indefinido;123451271;999755976;978111111;1;194;983;VENTANILLA;;activo;0/01/1900;0/01/1900
41;Colegio 516;indefinido41;indefinido;indefinido;123451272;922879842;978111111;1;194;983;CAlle 5 Ventanilla;;activo;0/01/1900;0/01/1900
42;MINISTERIO DE LA MUJER-LINEA 100;indefinido42;indefinido;indefinido;123451273;984153187;978111111;1;194;983;CAlle 5 Ventanilla;;activo;0/01/1900;0/01/1900
43;Municipalidad de Asia;indefinido43;indefinido;indefinido;123451274;995434898;978111111;1;194;983;Calle 5 Ventanilla;;activo;0/01/1900;0/01/1900
44;Gobierno Regional del callao;indefinido44;indefinido;indefinido;123451275;945777966;978111111;1;194;983;Calle 5 Ventanilla;;activo;0/01/1900;0/01/1900
45;DIRESA CALLAO;indefinido45;indefinido;indefinido;123451276;943625266;978111111;1;194;983;Calle 5 Ventanilla;;activo;0/01/1900;0/01/1900
46;CEBA - Alfredo Rebaza Acosta;indefinido46;indefinido;indefinido;123451277;949891319;978111111;1;194;983;Calle 5 Ventanilla;;activo;0/01/1900;0/01/1900
47;Municipalidad de los Olivos;indefinido47;indefinido;indefinido;123451278;980458525;978111111;1;194;983;calle 5 ventanilla;;activo;0/01/1900;0/01/1900
48;I.E SAN JUAN MASIAS;indefinido48;indefinido;indefinido;123451279;989103233;978111111;1;194;983;Calle 5 Ventanilla;;activo;0/01/1900;0/01/1900
49;I.E Ventanilla;indefinido49;indefinido;indefinido;123451280;962111222;978111111;1;194;983;calle 5 ventanilla;;activo;0/01/1900;0/01/1900
50;ESCUELA HOGAR SAGRADA FAMILIA;indefinido50;indefinido;indefinido;123451281;977398282;978111111;1;194;983;calle 5 ventanilla;;activo;0/01/1900;0/01/1900
51;IDEA A & C EIRL;indefinido51;indefinido;indefinido;123451282;982960914;978111111;1;194;983;calle 5 ventanilla;;activo;0/01/1900;0/01/1900
52;I. E. P. ALFA;indefinido52;indefinido;indefinido;123451283;977398282;978111111;1;194;983;calle 5 ventanilla;;activo;0/01/1900;0/01/1900
53;ESSALUD - HOSPITAL SUAREZ ANGAMOS;indefinido53;indefinido;indefinido;123451284;970386848;978111111;1;194;983;VENTANILLA CALLE 5;;activo;0/01/1900;0/01/1900
54;MUNICIPALIDAD DE COMAS;indefinido54;indefinido;indefinido;123451285;942856282;978111111;1;194;983;calle 5 ventanilla;;activo;0/01/1900;0/01/1900
55;MUNICIPALIDAD DE BREÃ‘A;indefinido55;indefinido;indefinido;123451286;964623380;978111111;1;194;983;Ventanilla;;activo;0/01/1900;0/01/1900
56;MUNICIPALIDAD DE S.M.P - FISCALIZACIÃ“N;indefinido56;indefinido;indefinido;123451287;980761494;978111111;1;194;983;VENTANILLA;;activo;0/01/1900;0/01/1900
57;MUNICIPALIDAD S.M.P - FISCALIZACIÃ“N;indefinido57;indefinido;indefinido;123451288;939355687;978111111;1;194;983;VENTANILLA;;activo;0/01/1900;0/01/1900
58;PNP - DIRINCRI;indefinido58;indefinido;indefinido;123451289;920063669;978111111;1;194;983;ventanilla;;activo;0/01/1900;0/01/1900
59;Hospital de los Olivos;indefinido59;indefinido;indefinido;123451290;920164211;978111111;1;194;983;ventanilla;;activo;0/01/1900;0/01/1900
60;Municipalidad Distrital de ATE;indefinido60;indefinido;indefinido;123451291;989962894;978111111;1;194;983;Callao;;activo;0/01/1900;0/01/1900
61;Gobierno Regional Del Callao;indefinido61;indefinido;indefinido;123451292;995554305;978111111;1;194;983;AA. HH. PACHACUTEC;Frente del Paradero San Pedro;activo;0/01/1900;0/01/1900
62;Fermin Avila;indefinido62;indefinido;indefinido;123451293;13201322;978111111;1;194;983;Pachacutec;;activo;0/01/1900;0/01/1900
63;Fe y Alegria Nro 29;indefinido63;indefinido;indefinido;123451294;5398511;978111111;1;194;983;AV: EUCALIPTOS S/N CALLE 3 CIUDAD SATELITE;;activo;0/01/1900;0/01/1900
64;RENIEC;indefinido64;indefinido;indefinido;123451295;982623996;978111111;1;194;983;Mz I - 2 S/N;;activo;0/01/1900;0/01/1900
65;MunicipaÃ±lidad Distrital De Asia;indefinido65;indefinido;indefinido;123451296;994139547;978111111;1;194;983;Mz H5 Lt 14 sector C1 Pachacutec;;activo;0/01/1900;0/01/1900
66;I.E SAN JUAN MASIAS;indefinido66;indefinido;indefinido;123451297;965359676;978111111;1;194;983;AAHH Defensores de la Patria;;activo;0/01/1900;0/01/1900
67;I.E SAN JUAN MASIAS;indefinido67;indefinido;indefinido;123451298;994937170;978111111;1;194;983;Mz H Lt 5 Sector 1;;activo;0/01/1900;0/01/1900
68;I.E SAN JUAN MASIAS 5097;indefinido68;indefinido;indefinido;123451299;942352088;978111111;1;194;983;Pachacutec - AA. HH. Jose Olaya;;activo;0/01/1900;0/01/1900
69;I.E SAN JUAN MASIAS;indefinido69;indefinido;indefinido;123451300;956439619;978111111;1;194;983;Mz. A. Prima- 5 Lote 22 Sector E-5 - Pachacutec;;activo;0/01/1900;0/01/1900
70;region callao;indefinido70;indefinido;indefinido;123451301;990008914;978111111;1;194;983;Pachacutec - Las Brisas II Etapa - Pachacutec;Atender a Domicilio;activo;0/01/1900;0/01/1900
71;CB Sologuren;indefinido71;indefinido;indefinido;123451302;954135209;978111111;1;194;983;Urb. Yoshiyama - pachacutec;al costado de la reniec pachacutec;activo;0/01/1900;0/01/1900
72;CS Gambeta;indefinido72;indefinido;indefinido;123451303;923845114;978111111;1;194;983;Av. huaura - Mi peru;Frente a la municipalidad de mi peru;activo;0/01/1900;0/01/1900
73;CRAEI santa Rosa;indefinido73;indefinido;indefinido;123451304;969433781;978111111;1;194;983;URB. HIJOS DE GRAU;FRENTE AL LICEO NAVAL DE VENTANILLA;activo;0/01/1900;0/01/1900
74;CB San Atonio;indefinido74;indefinido;indefinido;123451305;967805321;978111111;1;194;983;Boulevar de ventanilla;frente plaza vea;activo;0/01/1900;0/01/1900
75;C.S . Bonilla;indefinido75;indefinido;indefinido;123451306;7474520;978111111;1;194;983;AV. LA PLAYA S/N URB. LOS LICENCIADOS;PARQUE LOS LICENCIADOS;activo;0/01/1900;0/01/1900
76;ESSALUD;indefinido76;indefinido;indefinido;123451307;986179713;978111111;1;194;983;Av. Los Gereanios - Ventanilla;NOTA: EL CURSO ES: AUXILIAR EN EDUCACION ESPECIAL;activo;0/01/1900;0/01/1900
77;UGEL;indefinido77;indefinido;indefinido;123451308;975492051;978111111;1;194;983;Mz O Lote 7 Kawachi Pachacutec;;activo;0/01/1900;0/01/1900
78;IE NÂº 5136 Fernando Belaunde;indefinido78;indefinido;indefinido;123451309;992150227;978111111;1;194;983;ANGAMOS - VENTANILLA;;activo;0/01/1900;0/01/1900
79;Municipalidad de Mi PerÃº;indefinido79;indefinido;indefinido;123451310;980806811;978111111;1;194;983;calle 4 ciudad satelite ventanilla;;activo;0/01/1900;0/01/1900
80;IE Alberto Pallete;indefinido80;indefinido;indefinido;123451311;5326059;978111111;1;194;983;Calle 14 Ciudad Satelite;;activo;0/01/1900;0/01/1900
81;Centro de Salud Enrique Milla;indefinido81;indefinido;indefinido;123451312;947039633;978111111;1;194;983;ventanilla;;activo;0/01/1900;0/01/1900
82;Direccion regional de Salud;indefinido82;indefinido;indefinido;123451313;980260412;978111111;1;194;983;Av. Los Cedros S/N, Villa Los Reyes;Altura de la Parroquia San Luis Gonzaga;activo;0/01/1900;0/01/1900
83;cs Bonilla;indefinido83;indefinido;indefinido;123451314;972641308;978111111;1;194;983;Calle 17, Ciudad Satélite, Ventanilla;;activo;0/01/1900;0/01/1900
84;Policlinico Santa Marina;indefinido84;indefinido;indefinido;123451315;920194587;978111111;1;194;983;Av : Principal S/N;;activo;0/01/1900;0/01/1900
85;CS Puerto Nuevo;indefinido85;indefinido;indefinido;123451316;963442680;978111111;1;194;983;Oquendo;;activo;0/01/1900;0/01/1900
86;Hospital Carrion;indefinido86;indefinido;indefinido;123451317;0;978111111;11;96;1001;talma;;activo;0/01/1900;0/01/1900
87;Politecnico del Callao;indefinido87;indefinido;indefinido;123451318;942610846;978111111;13;110;1146;HUANUCO;;activo;0/01/1900;0/01/1900
88;Jardin Juan Pablo Peregrino;indefinido88;indefinido;indefinido;123451319;957629007;978111111;14;121;1227;Pueblo Nuevo;;activo;0/01/1900;0/01/1900
89;CS Oquendo;indefinido89;indefinido;indefinido;123451320;975779851;978111111;14;122;1232;ica;;activo;0/01/1900;0/01/1900
90;CS Bella Vista Peru-Corea;indefinido90;indefinido;indefinido;123451321;935283643;978111111;14;122;1232;ICA;;activo;0/01/1900;0/01/1900
91;Colegio especial san antonio;indefinido91;indefinido;indefinido;123451322;985160849;978111111;14;122;1232;ICA;;activo;0/01/1900;0/01/1900
92;IE Ramiro Priale;indefinido92;indefinido;indefinido;123451323;966567716;978111111;14;122;1232;ICA;;activo;0/01/1900;0/01/1900
93;Colegio Miguel Grau;indefinido93;indefinido;indefinido;123451324;983951101;978111111;14;122;1232;ica;;activo;0/01/1900;0/01/1900
94;Colegio Cristo milagroso;indefinido94;indefinido;indefinido;123451325;969982531;978111111;14;122;1232;ica;;activo;0/01/1900;0/01/1900
95;IEI Cristo Milagroso;indefinido95;indefinido;indefinido;123451326;951906542;978111111;14;122;1232;ICA;;activo;0/01/1900;0/01/1900
96;Colegio Gabriela Mistral;indefinido96;indefinido;indefinido;123451327;951906542;978111111;14;122;1232;ICA;;activo;0/01/1900;0/01/1900
97;Ninguno;indefinido97;indefinido;indefinido;123451328;997008130;978111111;14;122;1232;ICA;;activo;0/01/1900;0/01/1900
98;independiente;indefinido98;indefinido;indefinido;123451329;945936651;978111111;14;122;1232;hospital de nzaca callao s/n nazca;;activo;0/01/1900;0/01/1900
99;municipalidad Distrital de Lucre;indefinido99;indefinido;indefinido;123451330;956622914;978111111;14;122;1232;ica;;activo;0/01/1900;0/01/1900
100;Hospital Essalud Agusto Hernandez;indefinido100;indefinido;indefinido;123451331;0;978111111;14;122;1232;ica;;activo;0/01/1900;0/01/1900
101;CONEY PARK;indefinido101;indefinido;indefinido;123451332;0;978111111;14;122;1232;las casuarinas x I etapa;;activo;0/01/1900;0/01/1900
102;CRUZ SACO;indefinido102;indefinido;indefinido;123451333;0;978111111;14;122;1232;las casuarinas x I etapa;;activo;0/01/1900;0/01/1900
103;TACOS RAUL;indefinido103;indefinido;indefinido;123451334;0;978111111;14;122;1232;las casuarinas x I etapa;;activo;0/01/1900;0/01/1900
104;P. S. Soyara;indefinido104;indefinido;indefinido;123451335;0;978111111;14;122;1232;ica;;activo;0/01/1900;0/01/1900
105;independinete;indefinido105;indefinido;indefinido;123451336;957353112;978111111;14;122;1232;calle oro vilca letra E 28 urb. sol de ica;;activo;0/01/1900;0/01/1900
106;UNIVERSIDAD JOSE MARIA ARGUEDAS;indefinido106;indefinido;indefinido;123451337;0;978111111;;;1237;---;;activo;0/01/1900;0/01/1900
107;CENTRO DE SALUD PAMPACHIRI;indefinido107;indefinido;indefinido;123451338;96853265;978111111;1;123;1246;nazca;;activo;0/01/1900;0/01/1900
108;CENTRO DE SALUD PAMPACHIRI;indefinido108;indefinido;indefinido;123451339;928665025;978111111;14;125;1263;Tupac amaru;;activo;0/01/1900;0/01/1900
109;INDEPENDIENTE;indefinido109;indefinido;indefinido;123451340;6244548;978111111;;;1477;puerto maldonado;;activo;0/01/1900;0/01/1900
110;Hospital Santa Maria del Socorro;indefinido110;indefinido;indefinido;123451341;0;978111111;19;158;1543;.;;activo;0/01/1900;0/01/1900
111;Hospital Santa Maria del Socorro;indefinido111;indefinido;indefinido;123451342;0;978111111;19;158;1543;moquegua;;activo;0/01/1900;0/01/1900
112;Hospital Santa Maria del Socorro;indefinido112;indefinido;indefinido;123451343;0;978111111;19;158;1543;sin direccion;;activo;0/01/1900;0/01/1900
113;Hospital Santa Maria del Socorro;indefinido113;indefinido;indefinido;123451344;941410588;978111111;19;158;1543;MOQUEGUA;;activo;0/01/1900;0/01/1900
114;colegio callao;indefinido114;indefinido;indefinido;123451345;916678169;978111111;19;158;1543;Calle Pacocha S/n;;activo;0/01/1900;0/01/1900
115;Independiente;indefinido115;indefinido;indefinido;123451346;964827792;978111111;19;158;1543;ilo;;activo;0/01/1900;0/01/1900
116;niÃ±era;indefinido116;indefinido;indefinido;123451347;53462447;978111111;19;159;1546;CARRETERA MOQUEGUA -TOQUEPALA KM 0.3 MOQUEGUA;;activo;0/01/1900;0/01/1900
117;poder judicial;indefinido117;indefinido;indefinido;123451348;987123011;978111111;22;181;1725;PUNO;;activo;0/01/1900;0/01/1900
118;Medallita Milagrosa I.E;indefinido118;indefinido;indefinido;123451349;955831888;978111111;22;181;1725;PUNO;;activo;0/01/1900;0/01/1900
119;Estimulacion Temprana;indefinido119;indefinido;indefinido;123451350;946720594;978111111;22;181;1725;PUNO;;activo;0/01/1900;0/01/1900
120;estimulacion temprana;indefinido120;indefinido;indefinido;123451351;963520334;978111111;22;181;1725;PUNO;;activo;0/01/1900;0/01/1900
121;estimulacion temprana;indefinido121;indefinido;indefinido;123451352;945862853;978111111;22;182;1740;Putina;;activo;0/01/1900;0/01/1900
122;I.E 5096 San Juan masias;indefinido122;indefinido;indefinido;123451353;980942749;978111111;;182;1740;Centro Poblado Janansaya;;activo;0/01/1900;0/01/1900
123;c.s oquendo;indefinido123;indefinido;indefinido;123451354;987154542;978111111;22;182;1740;AV.LA LIBERTAD S/N;Por la Agencia Agraria Local del Centro Civico;activo;0/01/1900;0/01/1900
124;c.s oquendo;indefinido124;indefinido;indefinido;123451355;922343718;978111111;22;183;1745;puno;;activo;0/01/1900;0/01/1900
125;I.E INCA GARCILAZO DE LA VEGA;indefinido125;indefinido;indefinido;123451356;5322313;978111111;22;183;1745;JR. LORETO N° 450;;activo;0/01/1900;0/01/1900
126;IE Garcilazo De La Vega;indefinido126;indefinido;indefinido;123451357;0;978111111;23;187;1771;Locumba;;activo;0/01/1900;0/01/1900
127;universidad nacional san luis;indefinido127;indefinido;indefinido;123451358;0;978111111;23;188;1774;Av Miraflores S/N;;activo;0/01/1900;0/01/1900
128;colegio de ilo;indefinido128;indefinido;indefinido;123451359;0;978111111;23;188;1774;calle Los Damascos;;activo;0/01/1900;0/01/1900
129;ABANCAY;indefinido129;indefinido;indefinido;123451360;0;978111111;23;188;1774;asoc las viñas mz c lote 6;;activo;0/01/1900;0/01/1900
130;ninguno;indefinido130;indefinido;indefinido;123451361;52583090;978111111;23;188;1774;Parque industrial Mza A lotes 5y6;;activo;0/01/1900;0/01/1900
131;EL CRISTAL SCRL SERVICIOS E INVERSIONES;indefinido131;indefinido;indefinido;123451362;0;978111111;1;1;16;no lo tiene;;activo;0/01/1900;0/01/1900
132;icoes;indefinido132;indefinido;indefinido;123451363;982234519;978111111;1;194;980;JR COLINA SIN NUMERO;;activo;0/01/1900;0/01/1900
133;Centro de Salud Luis felipe de las casas;indefinido133;indefinido;indefinido;123451364;0;978111111;1;1;16;Calle Mariano Varela 156;;activo;0/01/1900;0/01/1900
134;CEBE 01;indefinido134;indefinido;indefinido;123451365;956359982;978111111;1;1;40;lima;;activo;0/01/1900;0/01/1900
135;I.E.I NÂº663 PUEBLO LIBRE;indefinido135;indefinido;indefinido;123451366;975070554;978111111;1;1;41;Los Jilgueros S/N;;activo;0/01/1900;0/01/1900
136;PRODUCE - CHALHUANCA;indefinido136;indefinido;indefinido;123451367;994961633;978111111;1;194;978;callao;;activo;0/01/1900;0/01/1900
137;;indefinido137;;;123451368;;;;;;;;activo;0/01/1900;0/01/1900
138;independiente;indefinido138;indefinido;indefinido;123451369;945574213;978111111;1;194;978;LIMA;;activo;0/01/1900;0/01/1900
139;indepentiente;indefinido139;indefinido;indefinido;123451370;957342048;978111111;1;194;978;;;activo;0/01/1900;0/01/1900
140;InstitutciÃ³n Educativa Enrique Milla;indefinido140;indefinido;indefinido;123451371;999931562;978111111;1;194;978;CALLAO;;activo;0/01/1900;0/01/1900
141;Essalud;indefinido141;indefinido;indefinido;123451372;989859712;978111111;1;194;978;Calle 5 Ventanilla;;activo;0/01/1900;0/01/1900
142;GOBIERNO REGIONAL APURIMAC;indefinido142;indefinido;indefinido;123451373;;978111111;1;194;978;Carmen de la legua.;;activo;0/01/1900;0/01/1900
143;UNAJMA;indefinido143;indefinido;indefinido;123451374;983547236;978111111;1;194;978;Urb Santa Marina diaginal al la fiscalia.;;activo;0/01/1900;0/01/1900
144;UNAJMA;indefinido144;indefinido;indefinido;123451375;98358333;978111111;1;194;978;;;activo;0/01/1900;0/01/1900
145;ENSAP CANKA;indefinido145;indefinido;indefinido;123451376;964374917;978111111;1;194;978;Lima;;activo;0/01/1900;0/01/1900
146;UGEL;indefinido146;indefinido;indefinido;123451377;;978111111;1;194;978;Jr colina s/n;;activo;0/01/1900;0/01/1900
147;I.E. 55006;indefinido147;indefinido;indefinido;123451378;;978111111;1;194;978;av faucett 3970;;activo;0/01/1900;0/01/1900
148;UGEL;indefinido148;indefinido;indefinido;123451379;;978111111;1;194;978;Urb San Juan Masias;;activo;0/01/1900;0/01/1900
149;UGEL;indefinido149;indefinido;indefinido;123451380;;978111111;1;194;978;;Ovalo Previ;activo;0/01/1900;0/01/1900
150;DIRECCION REGIONAL DE DEFENSA NACIONAL Y DEFENSA CIVIL;indefinido150;indefinido;indefinido;123451381;0;978111111;1;1;1;Av. San Miguel Iglesias;;activo;0/01/1900;0/01/1900
151;DIRECCION REGIONAL DE DEFENSA NACIONAL Y DEFENSA CIVIL;indefinido151;indefinido;indefinido;123451382;0;978111111;1;1;1;Ninguna;;activo;0/01/1900;0/01/1900
152;CLINICA SANTA TERESITA;indefinido152;indefinido;indefinido;123451383;4565858;978111111;1;1;1;Calle Corpac;;activo;0/01/1900;0/01/1900
153;CLINICA SANTA TERESITA;indefinido153;indefinido;indefinido;123451384;982445746;978111111;1;1;2;Manuel Bonilla 156;Estacion del Metropolitano.;activo;0/01/1900;0/01/1900
154;UNAMBA;indefinido154;indefinido;indefinido;123451385;920485574;978111111;1;1;2;LIMA;;activo;0/01/1900;0/01/1900
155;UTEA;indefinido155;indefinido;indefinido;123451386;998705343;978111111;1;1;2;MIRAFLORES;;activo;0/01/1900;0/01/1900
156;MUNICIPALIDAD DISTRITAL CURASCO;indefinido156;indefinido;indefinido;123451387;988124567;978111111;1;1;2;Av: Roosvelt 6355;;activo;0/01/1900;0/01/1900
157;MUNICIPALIDAD DISTRITAL CURASCO;indefinido157;indefinido;indefinido;123451388;2040900;978111111;1;1;2;Av: Panama 6365;;activo;0/01/1900;0/01/1900
158;MUNICIPALIDAD DISTRITAL DE CURASCO;indefinido158;indefinido;indefinido;123451389;945142910;978111111;1;1;2;Miraflores;;activo;0/01/1900;0/01/1900
159;GOBIERNO REGIONAL DE APURIMAC;indefinido159;indefinido;indefinido;123451390;943134197;978111111;1;1;2;Miraflores;;activo;0/01/1900;0/01/1900
160;GOBIERNO REGIONAL DE APURIMAC;indefinido160;indefinido;indefinido;123451391;947819031;978111111;1;1;2;Miraflores;;activo;0/01/1900;0/01/1900
161;CLINICA SANTA TERESITA;indefinido161;indefinido;indefinido;123451392;990251003;978111111;1;1;2;Belisario Suarez 1070;;activo;0/01/1900;0/01/1900
162;CLINICA SANTA TERESITA;indefinido162;indefinido;indefinido;123451393;2345676;978111111;1;1;2;av. benavide 234;;activo;0/01/1900;0/01/1900
163;MUNICIPALIDAD DISTRITAL HUAQUIRCA;indefinido163;indefinido;indefinido;123451394;3456576;978111111;1;1;2;Calle Corpac;;activo;0/01/1900;0/01/1900
164;Botica Panamericana;indefinido164;indefinido;indefinido;123451395;966130846;978111111;1;1;3;JR CORBETA LA UNION 150;;activo;0/01/1900;0/01/1900
165;Hoapital Felix Torrealva Gutierrez;indefinido165;indefinido;indefinido;123451396;966130846;978111111;1;1;3;JR CORBETA LA UNION 150;;activo;0/01/1900;0/01/1900
166;INDEPENDIENTE;indefinido166;indefinido;indefinido;123451397;941200180;978111111;1;1;3;LAS PALMAS;;activo;0/01/1900;0/01/1900
167;independiente;indefinido167;indefinido;indefinido;123451398;975370875;978111111;1;1;3;LAS PALMAS;;activo;0/01/1900;0/01/1900
168;INDEPENDIENTE;indefinido168;indefinido;indefinido;123451399;975370875;978111111;1;1;3;LAS PALMAS;;activo;0/01/1900;0/01/1900
169;independiente;indefinido169;indefinido;indefinido;123451400;975370875;978111111;1;1;3;LAS PALMAS;;activo;0/01/1900;0/01/1900
170;independiente;indefinido170;indefinido;indefinido;123451401;944274376;978111111;1;6;5;Av: La Mar 315;;activo;0/01/1900;0/01/1900
171;UNIVERSIDAD NACIONAL JOSE MARIA ARGUEDAS;indefinido171;indefinido;indefinido;123451402;12848447;978111111;1;6;5;Municipalidad de Asia;;activo;0/01/1900;0/01/1900
172;I.E.S.T.P. CURAHUASI;indefinido172;indefinido;indefinido;123451403;0;978111111;1;1;7;Lima;;activo;0/01/1900;0/01/1900
173;I.E.S.T.P. CURAHUASI;indefinido173;indefinido;indefinido;123451404;955563792;978111111;1;1;7;callao;;activo;0/01/1900;0/01/1900
174;GOBIERNO REGIONAL DE APURIMAC;indefinido174;indefinido;indefinido;123451405;4101818;978111111;1;1;7;av abancay s/n;al costado del parque universitario;activo;0/01/1900;0/01/1900
175;CLINICA SANTA TERESA;indefinido175;indefinido;indefinido;123451406;927667513;978111111;1;1;7;av abancay s/n;;activo;0/01/1900;0/01/1900
176;GOBIERNO REGIONAL DE APURIMAC;indefinido176;indefinido;indefinido;123451407;0;978111111;1;1;7;.;;activo;0/01/1900;0/01/1900
177;UNIVERSIDAD NACIONAL JOSE MARIA ARGUEDAS;indefinido177;indefinido;indefinido;123451408;996237466;978111111;1;1;7;Av. Morales Duarez;;activo;0/01/1900;0/01/1900
178;UNIVERSIDAD NACIONAL JOSE MARIA ARGUEDAS;indefinido178;indefinido;indefinido;123451409;0;978111111;1;1;7;.;;activo;0/01/1900;0/01/1900
179;CEBE LA SALLE;indefinido179;indefinido;indefinido;123451410;0;978111111;1;1;7;.;;activo;0/01/1900;0/01/1900
180;I.E 5022 Francisco Izquierdo Dias;indefinido180;indefinido;indefinido;123451411;0;978111111;1;1;7;0;;activo;0/01/1900;0/01/1900
181;ASOCIACIÃ“N EDUCATIVA SAYWA;indefinido181;indefinido;indefinido;123451412;0;978111111;1;1;7;0;;activo;0/01/1900;0/01/1900
182;CEBE LA SALLE;indefinido182;indefinido;indefinido;123451413;0;978111111;1;1;7;Av.Morales Duarez Cdra.3;;activo;0/01/1900;0/01/1900
183;CEBE LA SALLE;indefinido183;indefinido;indefinido;123451414;1320232;978111111;1;1;7;Jr. Conde de Superunda Cuadra 2;;activo;0/01/1900;0/01/1900
184;CEBE LA SALLE;indefinido184;indefinido;indefinido;123451415;0;978111111;1;1;7;Jr.Camana 758;;activo;0/01/1900;0/01/1900
185;CEBE- 01;indefinido185;indefinido;indefinido;123451416;0;978111111;1;1;7;;;activo;0/01/1900;0/01/1900
186;CEBE- LA SALLE;indefinido186;indefinido;indefinido;123451417;0;978111111;1;1;7;........;;activo;0/01/1900;0/01/1900
187;CEBE NÂ° 11 la Sallae;indefinido187;indefinido;indefinido;123451418;0;978111111;1;1;7;Colegio 95;;activo;0/01/1900;0/01/1900
188;I.E. SANTA TERESITA;indefinido188;indefinido;indefinido;123451419;992482808;978111111;1;1;7;Barrios Altos Jr Cusco 927, 3 cuadras antes de la Av Aviacion.;;activo;0/01/1900;0/01/1900
189;CUNA EL DIVINO MAESTRO;indefinido189;indefinido;indefinido;123451420;3201322;978111111;1;1;7;Av Canadá Mz C1 Lte 52 oficina 201 Urb. San Juan Masias ? Callao;;activo;0/01/1900;0/01/1900
190;CUNA EL DIVINO MAESTRO;indefinido190;indefinido;indefinido;123451421;3201322;978111111;1;1;7;Dire: Av Canadá Mz C1 Lte 52 oficina 201 Urb. San Juan Masias ? Callao;;activo;0/01/1900;0/01/1900
191;independiente;indefinido191;indefinido;indefinido;123451422;972448222;978111111;1;1;7;Jr. jose de la mar;;activo;0/01/1900;0/01/1900
192;INSTITUTO SUPERIOR TECNOLÃ“GICO AMERICANA;indefinido192;indefinido;indefinido;123451423;0;978111111;1;1;7;-;;activo;0/01/1900;0/01/1900
193;autoplan;indefinido193;indefinido;indefinido;123451424;0;978111111;1;1;7;0;;activo;0/01/1900;0/01/1900
194;independiente;indefinido194;indefinido;indefinido;123451425;981535968;978111111;1;1;7;AV: GRAU;;activo;0/01/1900;0/01/1900
195;CUNA DIVINO NIÃ‘O JESUS;indefinido195;indefinido;indefinido;123451426;15410262;978111111;1;1;7;LIMA;;activo;0/01/1900;0/01/1900
196;I.E.I SEMILLITAS DEL FUTURO;indefinido196;indefinido;indefinido;123451427;949832885;978111111;1;1;7;AV: GRAU 319;;activo;0/01/1900;0/01/1900
197;I.E.I SEMILLITAS DEL FUTURO;indefinido197;indefinido;indefinido;123451428;941221211;978111111;1;1;7;SAN BORJA;;activo;0/01/1900;0/01/1900
198;I.E. 55004 VIRGEN DE FATIMA;indefinido198;indefinido;indefinido;123451429;923798629;978111111;1;1;7;SURCO;;activo;0/01/1900;0/01/1900
199;MUNICIPALIDAD DISTRITAL DE CURAHUASI;indefinido199;indefinido;indefinido;123451430;998809740;978111111;1;1;7;LIMA;;activo;0/01/1900;0/01/1900
200;I.E. 55004 VIRGEN DE FATIMA;indefinido200;indefinido;indefinido;123451431;993447911;978111111;1;1;7;LIMA;;activo;0/01/1900;0/01/1900
201;MUNICIPALIDAD DISTRITAL DE CURAHUASI;indefinido201;indefinido;indefinido;123451432;982534834;978111111;1;1;7;LIMA;;activo;0/01/1900;0/01/1900
202;I.E. VIRGEN DE FATIMA;indefinido202;indefinido;indefinido;123451433;948234428;978111111;1;1;7;ATENDER A DOMICILIO;;activo;0/01/1900;0/01/1900
203;PRONOI - LOS ROSALES;indefinido203;indefinido;indefinido;123451434;955597147;978111111;1;1;7;Lima;;activo;0/01/1900;0/01/1900
204;I.E. VIRGEN DE FATIMA;indefinido204;indefinido;indefinido;123451435;981372735;978111111;1;1;7;LIMA;;activo;0/01/1900;0/01/1900
205;I.E.54682 JOSE MARIA ARGUEDAS;indefinido205;indefinido;indefinido;123451436;995519053;978111111;1;1;7;LIMA;;activo;0/01/1900;0/01/1900
206;I.E.54682 JOSE MARIA ARGUEDAS;indefinido206;indefinido;indefinido;123451437;945459303;978111111;1;1;7;VENTANILLA;;activo;0/01/1900;0/01/1900
207;BOTICA CURAFARMA;indefinido207;indefinido;indefinido;123451438;980526646;978111111;1;1;7;Lima;;activo;0/01/1900;0/01/1900
208;I.E.I NIÃ‘O JESUS DE PRAGA;indefinido208;indefinido;indefinido;123451439;992075390;978111111;1;1;7;hospital dos de mayo;;activo;0/01/1900;0/01/1900
209;I.E.I NIÃ‘O JESUS DE PRAGA;indefinido209;indefinido;indefinido;123451440;989275152;978111111;1;1;7;Lima;;activo;0/01/1900;0/01/1900
210;BOTICA CURAFARMA;indefinido210;indefinido;indefinido;123451441;991290744;978111111;1;1;7;domicilio;;activo;0/01/1900;0/01/1900
211;I.E. RAMON CASTILLA 54018;indefinido211;indefinido;indefinido;123451442;999923390;978111111;1;1;7;domicilio;;activo;0/01/1900;0/01/1900
212;I.E Francisco Izquierdo Rix;indefinido212;indefinido;indefinido;123451443;978215619;978111111;1;1;7;S/N;;activo;0/01/1900;0/01/1900
213;independiente;indefinido213;indefinido;indefinido;123451444;982522530;978111111;1;1;7;jr cuzco 119;al costado de la maternidad de lima;activo;0/01/1900;0/01/1900
214;I.E. RAMON CASTILLA;indefinido214;indefinido;indefinido;123451445;999334961;978111111;1;1;7;Lima;;activo;0/01/1900;0/01/1900
215;municipalidad de pachacutec;indefinido215;indefinido;indefinido;123451446;994800807;978111111;1;1;7;Av: Emancipacion Con Camana 616;;activo;0/01/1900;0/01/1900
216;I.E 5022 F. Izquierdo;indefinido216;indefinido;indefinido;123451447;941343844;978111111;1;1;7;Lima;;activo;0/01/1900;0/01/1900
217;Nuestra seÃ±ora del carmen;indefinido217;indefinido;indefinido;123451448;997422079;978111111;1;1;7;Mz Q Lt 23 Urb Albino Herrera 1era Etapa;;activo;0/01/1900;0/01/1900
218;independiente;indefinido218;indefinido;indefinido;123451449;;978111111;1;1;7;benavides;;activo;0/01/1900;0/01/1900
219;independiente;indefinido219;indefinido;indefinido;123451450;987205668;978111111;1;1;7;Jr Cusco 653;;activo;0/01/1900;0/01/1900
220;independiente;indefinido220;indefinido;indefinido;123451451;4275008;978111111;1;1;7;Azangaro 246, Lima 1;;activo;0/01/1900;0/01/1900
221;CEBE 01;indefinido221;indefinido;indefinido;123451452;4101818;978111111;1;1;7;nicolas de pierola n°745;;activo;0/01/1900;0/01/1900
222;independiente;indefinido222;indefinido;indefinido;123451453;14101818;978111111;1;1;7;Avenida Nicolas de Pierola 745;fte al Parque Universitario;activo;0/01/1900;0/01/1900
223;independiente;indefinido223;indefinido;indefinido;123451454;14883190;978111111;1;1;8;Asent. Humano Esteras 1 Mz H Lote 3;;activo;0/01/1900;0/01/1900
224;independiente;indefinido224;indefinido;indefinido;123451455;962280689;978111111;1;1;9;callle hefestos 383 uvb. olimpo salamanca- ate;;activo;0/01/1900;0/01/1900
225;independiente;indefinido225;indefinido;indefinido;123451456;957282261;978111111;1;1;9;ATE VITARTE;;activo;0/01/1900;0/01/1900
226;independiente;indefinido226;indefinido;indefinido;123451457;981681071;978111111;1;1;9;Municipalidad de ATE;;activo;0/01/1900;0/01/1900
227;independiente;indefinido227;indefinido;indefinido;123451458;13201322;978111111;1;1;11;Av. Bolivia 755;;activo;0/01/1900;0/01/1900
228;inpendiente;indefinido228;indefinido;indefinido;123451459;953634068;978111111;1;1;11;calle Don Bosco 459;;activo;0/01/1900;0/01/1900
229;inpendiente;indefinido229;indefinido;indefinido;123451460;994508590;978111111;1;1;11;Av. Arica 500;;activo;0/01/1900;0/01/1900
230;inpendiente;indefinido230;indefinido;indefinido;123451461;915016825;978111111;1;1;12;Mz. C Lote 6 - 10 Av. Manuel Prado en Carabayllo;;activo;0/01/1900;0/01/1900
231;independiente;indefinido231;indefinido;indefinido;123451462;948566432;978111111;1;1;12;Calle los Alisos Mz. E Lote 1 Urb. Los Algarrobos, Carabayllo;;activo;0/01/1900;0/01/1900
232;independiente;indefinido232;indefinido;indefinido;123451463;0;978111111;1;1;12;Mz B Lote6-10 Av Manuel Prado;;activo;0/01/1900;0/01/1900
233;independiente;indefinido233;indefinido;indefinido;123451464;997612137;978111111;1;1;12;km 17.;;activo;0/01/1900;0/01/1900
234;independiente;indefinido234;indefinido;indefinido;123451465;963669211;978111111;1;1;12;Av Caudivilla Mzna A lt 4;;activo;0/01/1900;0/01/1900
235;Universidad Nacional Jorge Basadre Grohman;indefinido235;indefinido;indefinido;123451466;1234376;978111111;1;1;14;av. huaylas 2343;a dos cuadras de plaza lima sur;activo;0/01/1900;0/01/1900
236;INDEPENDIENTE;indefinido236;indefinido;indefinido;123451467;3423456;978111111;1;1;14;jr. icaro 321;a dos cuadras de la fabrica jhon holden;activo;0/01/1900;0/01/1900
237;independiente;indefinido237;indefinido;indefinido;123451468;0;978111111;1;1;16;;;activo;0/01/1900;0/01/1900
238;Colegio Peruano Britanico;indefinido238;indefinido;indefinido;123451469;987045525;978111111;1;1;16;Av. San Martin 1262 C/ Jr. Piura;Altura de la cuadra 12 de la Av. Jorge Chavez;activo;0/01/1900;0/01/1900
239;Freddy Tafur;indefinido239;indefinido;indefinido;123451470;5356336;978111111;1;1;16;Av. San Martin 372. La Merced, Comas.;Altura del Hospital Solidario de Comas. Paradero la Merced;activo;0/01/1900;0/01/1900
240;Hogar Refugio Temporal;indefinido240;indefinido;indefinido;123451471;0;978111111;1;1;16;.;;activo;0/01/1900;0/01/1900
241;Institucion Educativa 1153 canda;indefinido241;indefinido;indefinido;123451472;966760974;978111111;1;1;16;AV ARGENTINA 697 MZA Q LOTE 1 EL PARRAL;;activo;0/01/1900;0/01/1900
242;Av.Lima nÂ°3920;indefinido242;indefinido;indefinido;123451473;995151799;978111111;1;1;16;Av. 3 de octubre s/n - Int. Psto. #80 Mdo.Flor de Octubre - Villa Sr. De los Milagros - Km. 13 - Com;;activo;0/01/1900;0/01/1900
243;Colegio Cruz Saco;indefinido243;indefinido;indefinido;123451474;977141286;978111111;1;1;16;calle la Paz #231 urb el Parral.;;activo;0/01/1900;0/01/1900
244;Institucion Educativa Inicial Fiscalizada NÂº2677;indefinido244;indefinido;indefinido;123451475;7310274;978111111;1;1;16;plaza de armas s/n comas;;activo;0/01/1900;0/01/1900
245;Centro de Aprendizaje Montessori;indefinido245;indefinido;indefinido;123451476;981552489;978111111;1;1;16;JR. PUNO /AV. TUPAC AMARU;;activo;0/01/1900;0/01/1900
246;.;indefinido246;indefinido;indefinido;123451477;13201322;978111111;1;1;16;Comas;;activo;0/01/1900;0/01/1900
247;I.E.P Virgen del Rosario;indefinido247;indefinido;indefinido;123451478;992716597;978111111;1;1;16;Av. España cuadra 4 La Libertad km 11;Plaza de Armas de Comas;activo;0/01/1900;0/01/1900
248;0;indefinido248;indefinido;indefinido;123451479;13201322;978111111;1;1;18;Payet;;activo;0/01/1900;0/01/1900
249;Inicial 80 Los niÃ±os de JesÃºs;indefinido249;indefinido;indefinido;123451480;13201322;978111111;1;1;18;Av. Tupac Amaru a 2 cuadras de Estación Naranjal;;activo;0/01/1900;0/01/1900
250;0;indefinido250;indefinido;indefinido;123451481;941450775;978111111;1;1;19;Av. General Garzon;;activo;0/01/1900;0/01/1900
251;324 Cuna Jardin - CORAZON DE MARIA;indefinido251;indefinido;indefinido;123451482;941450775;978111111;1;1;19;Av. General Garzon;;activo;0/01/1900;0/01/1900
252;SERVICOM;indefinido252;indefinido;indefinido;123451483;931561400;978111111;1;1;19;Av. Jose Maria Plaza 178;Frente a ESSALUD de Jesus Maria;activo;0/01/1900;0/01/1900
253;I.E.P. Hispano Americano Trini;indefinido253;indefinido;indefinido;123451484;980598257;978111111;1;1;19;AV ARNALDO MARQUEZ 1750;;activo;0/01/1900;0/01/1900
254;municipalidad de comas;indefinido254;indefinido;indefinido;123451485;949357979;978111111;1;1;19;JESUS MARIA;;activo;0/01/1900;0/01/1900
255;Francisco Izquierdo Rios;indefinido255;indefinido;indefinido;123451486;979039202;978111111;1;1;20;Av. La Molina 2350 1era de Musa;Sede de la DIRINCRI - LA MOLINA, Al frente del Polideportivo de la Molina;activo;0/01/1900;0/01/1900
256;Fray Martin de Porras 2042;indefinido256;indefinido;indefinido;123451487;959250208;978111111;1;1;21;Parque Panamericano;entre av. mexico y av. palermo;activo;0/01/1900;0/01/1900
257;CREATIVA SUD SRL;indefinido257;indefinido;indefinido;123451488;996698664;978111111;1;1;23;av. huandoy s/n Mz 38 Lt50 urb. confraternidad los olivos;;activo;0/01/1900;0/01/1900
258;Confecciones JUNSUD;indefinido258;indefinido;indefinido;123451489;13201322;978111111;1;1;23;Local de la Av. Marañon;;activo;0/01/1900;0/01/1900
259;Intituto Superior DISCE Carabayllo;indefinido259;indefinido;indefinido;123451490;958425075;978111111;1;1;23;via panamericana norte, a la altura de 1era de pro;;activo;0/01/1900;0/01/1900
260;FUERTE CACERES;indefinido260;indefinido;indefinido;123451491;987375735;978111111;1;1;23;av canta callao mz p lote 8 los olivos de pro;;activo;0/01/1900;0/01/1900
261;I.E. 3066 SeÃ±or de los Milagros;indefinido261;indefinido;indefinido;123451492;5655810;978111111;1;1;23;JR: 1 DE OCTUBRE MZ K LOTE 21.;;activo;0/01/1900;0/01/1900
262;INSTITUTO NACIONAL DE ESTADISTICA E INFORMATICA INEI;indefinido262;indefinido;indefinido;123451493;5332560;978111111;1;1;23;Jr. Saturno 258 Urb. El Trebol;A la espalda de la Universidad Catolica Sede Sapiente;activo;0/01/1900;0/01/1900
263;I.E Dora Mayer;indefinido263;indefinido;indefinido;123451494;963897089;978111111;1;1;23;domicilio;;activo;0/01/1900;0/01/1900
264;I.E.P HISPANO AMERICANO TRINI;indefinido264;indefinido;indefinido;123451495;987386757;978111111;1;1;23;Los Olivos;;activo;0/01/1900;0/01/1900
265;Nuestra SeÃ±ora de Fatima 2033;indefinido265;indefinido;indefinido;123451496;987305746;978111111;1;1;23;AV. IZAGUIRRE - FRENTE A LA MUNICIPALIDAD DE LOS OLIVOS;;activo;0/01/1900;0/01/1900
266;Las Asambleas De Dios Del Peru;indefinido266;indefinido;indefinido;123451497;997081418;978111111;1;1;23;LOS OLIVOS;;activo;0/01/1900;0/01/1900
267;172;indefinido267;indefinido;indefinido;123451498;13812563;978111111;1;1;23;Av: Alfredo Mendiola 6075;;activo;0/01/1900;0/01/1900
268;I.E.I 172;indefinido268;indefinido;indefinido;123451499;997521645;978111111;1;1;23;Los olivos;;activo;0/01/1900;0/01/1900
269;I.E.I SANTA ROSA 87;indefinido269;indefinido;indefinido;123451500;989405513;978111111;1;1;23;Jirón Aries 1121 Urb. Mercurio;;activo;0/01/1900;0/01/1900
270;Colegio Rebaza;indefinido270;indefinido;indefinido;123451501;942521527;978111111;1;1;23;hospital de los olivos;;activo;0/01/1900;0/01/1900
271;Independiente;indefinido271;indefinido;indefinido;123451502;13201322;978111111;1;1;23;Urb. Enrique Milla Ochoa;;activo;0/01/1900;0/01/1900
272;En Casa;indefinido272;indefinido;indefinido;123451503;961726541;978111111;1;1;24;Chosica;;activo;0/01/1900;0/01/1900
273;IEI LINCOLN DE VILLA;indefinido273;indefinido;indefinido;123451504;992699013;978111111;1;1;25;AV GRAU 319;;activo;0/01/1900;0/01/1900
274;I.E INCA GARCILAZO DE LA VEGA;indefinido274;indefinido;indefinido;123451505;934974975;978111111;1;1;25;AV: GRAU 319;;activo;0/01/1900;0/01/1900
275;IE Garcilazo De La Vega;indefinido275;indefinido;indefinido;123451506;93327574;978111111;1;1;25;AGENCIA MUNICIPAL;;activo;0/01/1900;0/01/1900
276;I.E.I #80 Los niÃ±os de Jesus;indefinido276;indefinido;indefinido;123451507;974638997;978111111;1;1;25;AAHH Jose Olaya Balamdra Mz B lt 3;;activo;0/01/1900;0/01/1900
277;IE INCA GARCILASO DE LA VEGA;indefinido277;indefinido;indefinido;123451508;989473543;978111111;1;1;25;Agencia Municipal;;activo;0/01/1900;0/01/1900
278;ninguno;indefinido278;indefinido;indefinido;123451509;954170706;978111111;1;1;25;Lurin;;activo;0/01/1900;0/01/1900
279;Aduanas - Sunat;indefinido279;indefinido;indefinido;123451510;957300157;978111111;1;1;25;Lurin;;activo;0/01/1900;0/01/1900
280;CS Marquez;indefinido280;indefinido;indefinido;123451511;931870811;978111111;1;1;25;municipalidad de lurin;;activo;0/01/1900;0/01/1900
281;I.E Teresa Gonzales De Fannign;indefinido281;indefinido;indefinido;123451512;4301670;978111111;1;1;25;Av: Victor Raul Haya de la Torre Mz B Lt 4 Zona B;;activo;0/01/1900;0/01/1900
282;Republica de Canada;indefinido282;indefinido;indefinido;123451513;934560037;978111111;1;1;26;AV BRASIL;;activo;0/01/1900;0/01/1900
283;Z.E RpÃºblica de CÃ¡nada;indefinido283;indefinido;indefinido;123451514;957352259;978111111;1;1;26;Av. Brasil;Biblioteca municipal de Magdalena;activo;0/01/1900;0/01/1900
284;Centro de salud Ramon Castilla;indefinido284;indefinido;indefinido;123451515;997253267;978111111;1;1;27;av san martin 685;;activo;0/01/1900;0/01/1900
285;Ministerio de Salud;indefinido285;indefinido;indefinido;123451516;4309353;978111111;;;29;Av: Grau 309;;activo;0/01/1900;0/01/1900
286;Colegio Santa Rosa;indefinido286;indefinido;indefinido;123451517;955852884;978111111;1;1;30;puente piedra c/ carabayllo limite;;activo;0/01/1900;0/01/1900
287;Cs Luis felipe de las casas;indefinido287;indefinido;indefinido;123451518;0;978111111;1;1;30;Av. Las Conchitas Mz E Lote9-Puente Piedra;;activo;0/01/1900;0/01/1900
288;Colegio Venezuela;indefinido288;indefinido;indefinido;123451519;995912784;978111111;1;1;30;Pte Piedra;;activo;0/01/1900;0/01/1900
289;Ministerio de Transportes;indefinido289;indefinido;indefinido;123451520;998911169;978111111;1;1;30;av los pinos Mz S Lt 24 asoc haros de Chillon. puente piedra;;activo;0/01/1900;0/01/1900
290;CS Villa los Reyes;indefinido290;indefinido;indefinido;123451521;0;978111111;1;1;30;ventanilla;;activo;0/01/1900;0/01/1900
291;municipalidad de caraballo;indefinido291;indefinido;indefinido;123451522;13201322;978111111;1;1;30;Av. Principal;;activo;0/01/1900;0/01/1900
292;municipalidad de caraballo;indefinido292;indefinido;indefinido;123451523;13201322;978111111;1;1;30;Av. Principal;;activo;0/01/1900;0/01/1900
293;CUNA MAS Miraflores;indefinido293;indefinido;indefinido;123451524;944246119;978111111;1;1;33;rimac;;activo;0/01/1900;0/01/1900
294;Complejo Minero Moquegua;indefinido294;indefinido;indefinido;123451525;4307027;978111111;1;1;34;Av: Principal S/N .;;activo;0/01/1900;0/01/1900
295;Playa;indefinido295;indefinido;indefinido;123451526;941221211;978111111;1;1;35;SAN BORJA;;activo;0/01/1900;0/01/1900
296;Colegio Hans Christian Andersen;indefinido296;indefinido;indefinido;123451527;971415500;978111111;1;1;35;SAN BORJA;;activo;0/01/1900;0/01/1900
297;Centro de Salud Carmen de la Legua;indefinido297;indefinido;indefinido;123451528;971415500;978111111;1;1;35;SAN BORJA;;activo;0/01/1900;0/01/1900
298;INDEPENDIENTE;indefinido298;indefinido;indefinido;123451529;16155800;978111111;1;1;35;Calle Comercio Nro 193;Hay que comunicarse con el anexo 21058 Area de Patrimonio.;activo;0/01/1900;0/01/1900
299;C&L Veterinaria - PetShop;indefinido299;indefinido;indefinido;123451530;947268362;978111111;1;1;36;CALLE MANUEL FUENTES N°936 URB SANTA CRUZ;;activo;0/01/1900;0/01/1900
300;INDEPENDIENTE;indefinido300;indefinido;indefinido;123451531;7452249;978111111;1;1;37;JR. ESMERALDA 1845;;activo;0/01/1900;0/01/1900
301;Colegio 95;indefinido301;indefinido;indefinido;123451532;961786025;978111111;1;1;37;San juan de lurigancho;;activo;0/01/1900;0/01/1900
302;INDEPENDIENTE;indefinido302;indefinido;indefinido;123451533;950885051;978111111;1;1;37;Jr. Cajamarquilla 667 Urb Azcarruna;;activo;0/01/1900;0/01/1900
303;Colegio San Vicente;indefinido303;indefinido;indefinido;123451534;981234539;978111111;1;1;39;SAN MARTIN DE PORRES;;activo;0/01/1900;0/01/1900
304;hospital augusto hernandez essalud;indefinido304;indefinido;indefinido;123451535;993115579;978111111;1;1;39;URB SAN VALENTIN 1ETAPA MZ B LT 5;;activo;0/01/1900;0/01/1900
305;I.E. #7079-Ramiro Priale;indefinido305;indefinido;indefinido;123451536;957624170;978111111;1;1;39;Av. Lima n°3920 urb. Perú;especializacion;activo;0/01/1900;0/01/1900
306;hospital de nazca;indefinido306;indefinido;indefinido;123451537;962206178;978111111;1;1;39;Mz. H1 Lote 30 Urb. Juan Velazco Alvarado.;;activo;0/01/1900;0/01/1900
307;C.S. Perez Carranza;indefinido307;indefinido;indefinido;123451538;959777127;978111111;1;1;39;san Martin de Porrs;;activo;0/01/1900;0/01/1900
308;colegio Santisima Virgen del Carmen;indefinido308;indefinido;indefinido;123451539;13201322;978111111;1;1;39;Urb. Sarita;A 3 cuadras del mercado Sarita.;activo;0/01/1900;0/01/1900
309;Colegio Washington;indefinido309;indefinido;indefinido;123451540;13201322;978111111;1;1;39;Calle B S/N Urb. Filadelfia I Etapa;;activo;0/01/1900;0/01/1900
310;Colegio Alfa y Omega;indefinido310;indefinido;indefinido;123451541;13201322;978111111;1;1;39;Calle B S/N Urb. Filadelfia I Etapa;;activo;0/01/1900;0/01/1900
311;Estimulacion temprana Acapulco;indefinido311;indefinido;indefinido;123451542;13201322;978111111;1;1;39;Av. Dominicos a 2 cuadras de Canta Callao;;activo;0/01/1900;0/01/1900
312;Hospital Felix Torrealva;indefinido312;indefinido;indefinido;123451543;972589030;978111111;1;1;39;San martin de Porres;;activo;0/01/1900;0/01/1900
313;Municipalidad Carmen de la Legua;indefinido313;indefinido;indefinido;123451544;969514056;978111111;1;1;39;LIMA;;activo;0/01/1900;0/01/1900
314;ONG Socios en salud;indefinido314;indefinido;indefinido;123451545;995204166;978111111;1;1;39;San Martin de Porres;;activo;0/01/1900;0/01/1900
315;Pedagogico San Marcelo;indefinido315;indefinido;indefinido;123451546;963747327;978111111;1;1;39;Av. Alfredo Mendiola, San Martín de Porres;;activo;0/01/1900;0/01/1900
316;Independiente;indefinido316;indefinido;indefinido;123451547;991294242;978111111;1;1;39;SAN MARTIN DE PORRES;;activo;0/01/1900;0/01/1900
317;Colegio Nro 86;indefinido317;indefinido;indefinido;123451548;2002500;978111111;1;1;39;Jiron Torres Paz Cda 2;Altura Av. Jose Granda cda 39 Cerca al Ovalo Previ;activo;0/01/1900;0/01/1900
318;NO HAY;indefinido318;indefinido;indefinido;123451549;981234539;978111111;1;1;39;SAN MARTIN DE PORRES;;activo;0/01/1900;0/01/1900
319;Colegio Vanguard Shol;indefinido319;indefinido;indefinido;123451550;981234539;978111111;1;1;40;san miguel;;activo;0/01/1900;0/01/1900
320;Colegio #84 NiÃ±a Maria;indefinido320;indefinido;indefinido;123451551;13201322;978111111;1;1;40;San Miguel;;activo;0/01/1900;0/01/1900
321;Municipalidad de Mi Peru;indefinido321;indefinido;indefinido;123451552;947463503;978111111;1;1;40;Calle principal. Colegio nuestra señora de la Asubcion;;activo;0/01/1900;0/01/1900
322;Mhatha Gandhi;indefinido322;indefinido;indefinido;123451553;931082412;978111111;1;1;40;Urb Residencia, calle estocolmo, 226. a la espalda del Metro de la av Venezuela.;;activo;0/01/1900;0/01/1900
323;Colegio Dario Arrus;indefinido323;indefinido;indefinido;123451554;935211868;978111111;1;1;44;surquillo;;activo;0/01/1900;0/01/1900
324;79 Angeles de Sarita;indefinido324;indefinido;indefinido;123451555;0;978111111;1;1;45;Sector 2 Grupo MZ17;;activo;0/01/1900;0/01/1900
325;-;indefinido325;indefinido;indefinido;123451556;99114680;978111111;1;1;46;Villa Maria Del Triunfo;;activo;0/01/1900;0/01/1900
326;Colegio Las Casuarinas;indefinido326;indefinido;indefinido;123451557;13201322;978111111;1;1;46;Entrada de Villa Maria - Urb. Villa Jardin;;activo;0/01/1900;0/01/1900
327;I.E. MICAELA BASTIDAS;indefinido327;indefinido;indefinido;123451558;95745584;978111111;2;3;52;hoc;;activo;0/01/1900;0/01/1900
328;Colegio Nro 95;indefinido328;indefinido;indefinido;123451559;2352523;978111111;1;7;89;AV. GRAU 118;;activo;0/01/1900;0/01/1900
329;Colegio Fernando Belaunde;indefinido329;indefinido;indefinido;123451560;13201322;978111111;1;7;90;Av. Miguel Grau S/N;;activo;0/01/1900;0/01/1900
330;Estudiante;indefinido330;indefinido;indefinido;123451561;6257000;978111111;1;7;90;AV. GARCIA CASTAÑEDA NRO. S/N Z.I.;;activo;0/01/1900;0/01/1900
331;Colegio Marquesado;indefinido331;indefinido;indefinido;123451562;12381458;978111111;1;7;91;Frente a la plaza de armas de Pativilca;;activo;0/01/1900;0/01/1900
332;I.E.P. NiÃ±o de Praga;indefinido332;indefinido;indefinido;123451563;2321982;978111111;1;10;138;AV 28 DE JULIO N° 166;PRIMERA CUADRA;activo;0/01/1900;0/01/1900
333;C.S. Ventanilla Este;indefinido333;indefinido;indefinido;123451564;3970369;978111111;1;10;138;Pasaje Túpac Amaru N° 121;;activo;0/01/1900;0/01/1900
334;IEI NÂº95 Santa Rosa;indefinido334;indefinido;indefinido;123451565;4145530;978111111;1;10;138;AV. CIRCUNVALACION;;activo;0/01/1900;0/01/1900
335;Aldeas Infantiles SOS - PerÃº;indefinido335;indefinido;indefinido;123451566;956379531;978111111;1;10;138;CAL.LOS OLIVOS NRO. 135;;activo;0/01/1900;0/01/1900
336;IEI 2020 SeÃ±or de los Milagros;indefinido336;indefinido;indefinido;123451567;7257953;978111111;1;10;138;PROLONGACIÓN GRAU 172;;activo;0/01/1900;0/01/1900
337;IEI 2020 SeÃ±or de los Milagros;indefinido337;indefinido;indefinido;123451568;987211203;978111111;1;10;138;AV 28 DE JULIO N° 545;;activo;0/01/1900;0/01/1900
338;Puno;indefinido338;indefinido;indefinido;123451569;6244548;978111111;1;10;149;mazo 408;la quinta;activo;0/01/1900;0/01/1900
339;San Miguel Coprodelis;indefinido339;indefinido;indefinido;123451570;5222093;978111111;1;12;164;gtyryyu;;activo;0/01/1900;0/01/1900
340;REGION DEL CALLAO;indefinido340;indefinido;indefinido;123451571;8311111;978111111;4;38;421;JR PUNO 105;ALMACEN;activo;0/01/1900;0/01/1900
341;region del callao;indefinido341;indefinido;indefinido;123451572;8311111;978111111;4;38;421;TAMBURCO;;activo;0/01/1900;0/01/1900
342;IEI 865 Caudivilla;indefinido342;indefinido;indefinido;123451573;8311111;978111111;4;38;421;TAMBURCO;;activo;0/01/1900;0/01/1900
343;REGION DEL CALLAO;indefinido343;indefinido;indefinido;123451574;8311111;978111111;4;38;421;PROLONGACION JR LIMA;;activo;0/01/1900;0/01/1900
344;region del callao;indefinido344;indefinido;indefinido;123451575;8311111;978111111;4;38;421;PROLONGACION JR LIMA;;activo;0/01/1900;0/01/1900
345;C.S. Peru Corea Pachacutec;indefinido345;indefinido;indefinido;123451576;8311111;978111111;4;38;421;INCA GARCILAZO DE LA VEGA;;activo;0/01/1900;0/01/1900
346;COLEGIO DE ALTO RENDIMIENTO - HUANUCO;indefinido346;indefinido;indefinido;123451577;8311111;978111111;4;38;421;JR LIMA 100;;activo;0/01/1900;0/01/1900
347;I.E.P SANTA TERESITA;indefinido347;indefinido;indefinido;123451578;8311111;978111111;4;38;421;JR LIMA 612;3ER PISO;activo;0/01/1900;0/01/1900
348;ANCRO PORTABLE SAC;indefinido348;indefinido;indefinido;123451579;8311111;978111111;4;38;421;JR LIMA 612;3ER PISO;activo;0/01/1900;0/01/1900
349;DIRESA CALLAO;indefinido349;indefinido;indefinido;123451580;8311111;978111111;4;38;421;.;;activo;0/01/1900;0/01/1900
350;AREQUIPA-CASTILLA;indefinido350;indefinido;indefinido;123451581;8311111;978111111;4;38;421;AV CIRCUNVALACION 1000;EL TUMI;activo;0/01/1900;0/01/1900
351;PUNO;indefinido351;indefinido;indefinido;123451582;8311111;978111111;4;38;421;AV CIRCUNVALACION 1000;EL TUMI;activo;0/01/1900;0/01/1900
352;CONCORCIO;indefinido352;indefinido;indefinido;123451583;8311111;978111111;4;38;421;PROLONGACION JR LIMA;;activo;0/01/1900;0/01/1900
353;UNIVERSIDAD NACIONAL DEL ALTIPLANO -PUNO;indefinido353;indefinido;indefinido;123451584;8311111;978111111;4;38;421;PROLONGACION JR LIMA;;activo;0/01/1900;0/01/1900
354;CASTILLO MAGICO DEL SABER;indefinido354;indefinido;indefinido;123451585;8311111;978111111;4;38;421;JR PUNO 105;;activo;0/01/1900;0/01/1900
355;MUNICIPALIDAD DE VENTANILLA;indefinido355;indefinido;indefinido;123451586;8311111;978111111;4;38;421;AV. ENRRIQUE PELACH;;activo;0/01/1900;0/01/1900
356;C.S. Peru Corea Pachacutec.;indefinido356;indefinido;indefinido;123451587;8311111;978111111;4;38;421;JR PUNO 105;;activo;0/01/1900;0/01/1900
357;GOBIERNO REGIONAL DEL CALLAO;indefinido357;indefinido;indefinido;123451588;971380002;978111111;4;38;421;abancay;;activo;0/01/1900;0/01/1900
358;GOBIERNO REGIONAL DEL CALLAO;indefinido358;indefinido;indefinido;123451589;971380002;978111111;4;38;421;abancay;;activo;0/01/1900;0/01/1900
359;GOBIERNO REGIONAL DEL CALLAO;indefinido359;indefinido;indefinido;123451590;971380002;978111111;4;38;421;abancay;;activo;0/01/1900;0/01/1900
360;GOBIERNO REGIONAL DEL CALLAO;indefinido360;indefinido;indefinido;123451591;971380002;978111111;4;38;421;abancay;;activo;0/01/1900;0/01/1900
361;FE Y ALEGRIA;indefinido361;indefinido;indefinido;123451592;971380002;978111111;4;38;421;abancay;;activo;0/01/1900;0/01/1900
362;EMPRESA PRIVADA;indefinido362;indefinido;indefinido;123451593;971380002;978111111;4;38;421;abancay;;activo;0/01/1900;0/01/1900
363;HOSPITAL CASIMIRO ULLOA;indefinido363;indefinido;indefinido;123451594;971380002;978111111;4;38;421;huascar #303;;activo;0/01/1900;0/01/1900
364;GOBIERNO REGIONAL DEL CALLAO;indefinido364;indefinido;indefinido;123451595;11111111;978111111;4;38;421;AV CIRCUNVALACION S/N;;activo;0/01/1900;0/01/1900
365;MUNICIPALIDAD DE LURIN;indefinido365;indefinido;indefinido;123451596;11111111;978111111;4;38;421;AV CIRCUNVALACION S/N;;activo;0/01/1900;0/01/1900
366;empresa privada;indefinido366;indefinido;indefinido;123451597;11111111;978111111;4;38;421;PLAZA TUPAC AMARU;;activo;0/01/1900;0/01/1900
367;MUNICIPALIDAD DE LURIN;indefinido367;indefinido;indefinido;123451598;;978111111;4;38;421;;;activo;0/01/1900;0/01/1900
368;EJERCITO DEL PERU;indefinido368;indefinido;indefinido;123451599;1111111;978111111;4;38;421;AV DIAZ BARCENAS;FRENTE AL HOTEL DE TURISTAS;activo;0/01/1900;0/01/1900
369;EJERCITO DEL PERU;indefinido369;indefinido;indefinido;123451600;1111111;978111111;4;38;421;AV DIAZ BARCENAS;FRENTE AL HOTEL DE TURISTAS;activo;0/01/1900;0/01/1900
370;FAP;indefinido370;indefinido;indefinido;123451601;1111111;978111111;4;38;421;AV DIAZ BARCENAS;FRENTE AL HOTEL DE TURISTAS;activo;0/01/1900;0/01/1900
371;EJERCITO DEL PERU;indefinido371;indefinido;indefinido;123451602;1111111;978111111;4;38;421;,;;activo;0/01/1900;0/01/1900
372;I. E. COMERCIAL EL CENTENARIO DE PUTINA;indefinido372;indefinido;indefinido;123451603;990908723;978111111;4;38;421;CALLE VICTORIA 214;.;activo;0/01/1900;0/01/1900
373;EJERCITO DEL PERU;indefinido373;indefinido;indefinido;123451604;8311111;978111111;4;38;421;SAN ANTONIO;;activo;0/01/1900;0/01/1900
374;FAP;indefinido374;indefinido;indefinido;123451605;8311111;978111111;4;38;421;PUEBLO LIBRE;;activo;0/01/1900;0/01/1900
375;I. E. AGROPECUARIO JANANSAYA;indefinido375;indefinido;indefinido;123451606;8311111;978111111;4;38;421;COMUNIDAD PICHIUCA;;activo;0/01/1900;0/01/1900
376;CEM - SAN ANTONIO DE PUTINA;indefinido376;indefinido;indefinido;123451607;8311111;978111111;4;38;421;AV CANADA;;activo;0/01/1900;0/01/1900
377;I. E. JOSE OLAYA;indefinido377;indefinido;indefinido;123451608;989414709;978111111;4;38;421;PSJE CARMELITAS CON ENRIQUE PELACH;;activo;0/01/1900;0/01/1900
378;ATENDER A DOMICILIO;indefinido378;indefinido;indefinido;123451609;974727388;978111111;4;38;421;PLAZA CHALHUANCA;;activo;0/01/1900;0/01/1900
379;I.E. PUENTE PIEDRA;indefinido379;indefinido;indefinido;123451610;964108065;978111111;4;38;421;JR PUNO 205;;activo;0/01/1900;0/01/1900
380;virgen de guadalupe 50-10;indefinido380;indefinido;indefinido;123451611;994402197;978111111;4;38;421;AV PERU 920;;activo;0/01/1900;0/01/1900
381;FE Y ALEGRIA NÂ° 29;indefinido381;indefinido;indefinido;123451612;9953922;978111111;4;38;421;AV PERU 920;;activo;0/01/1900;0/01/1900
382;I.E. COPRODELI;indefinido382;indefinido;indefinido;123451613;8311111;978111111;4;38;421;JR JUNIN 539;;activo;0/01/1900;0/01/1900
383;Colegio Antonio Raymondi;indefinido383;indefinido;indefinido;123451614;8311111;978111111;4;38;421;JR PUNO 105;;activo;0/01/1900;0/01/1900
384;Colegio Fernando Belaunde;indefinido384;indefinido;indefinido;123451615;8311111;978111111;4;38;421;ESSALUD;;activo;0/01/1900;0/01/1900
385;Estimulacion Temprana;indefinido385;indefinido;indefinido;123451616;8311111;978111111;4;38;421;JR LIMA 512;;activo;0/01/1900;0/01/1900
386;Colegio Santisima Virgen del Carmen;indefinido386;indefinido;indefinido;123451617;8311111;978111111;4;38;421;AV CIRCUNVALACION 1000;;activo;0/01/1900;0/01/1900
387;Cetpro Villa del Norte;indefinido387;indefinido;indefinido;123451618;8311111;978111111;4;38;421;AV ARENAS 121;;activo;0/01/1900;0/01/1900
388;N. seÃ±ora de la asuncion;indefinido388;indefinido;indefinido;123451619;8311111;978111111;4;38;421;AV SEOANE 517;;activo;0/01/1900;0/01/1900
389;Red de salud Ventanilla;indefinido389;indefinido;indefinido;123451620;971380002;978111111;4;38;421;QUINTA CAYETANA;;activo;0/01/1900;0/01/1900
390;I.E.P CHAPERITO;indefinido390;indefinido;indefinido;123451621;971380002;978111111;4;38;421;AV ARENAS 120;;activo;0/01/1900;0/01/1900
391;EMPRESA;indefinido391;indefinido;indefinido;123451622;949171449;978111111;4;38;421;abancay;;activo;0/01/1900;0/01/1900
392;EMPRESA PRIVADA;indefinido392;indefinido;indefinido;123451623;8311111;978111111;4;38;421;Asociacion juan Pablo II;;activo;0/01/1900;0/01/1900
393;I.E.P CHAPERITO;indefinido393;indefinido;indefinido;123451624;917650830;978111111;4;38;421;Abancay;;activo;0/01/1900;0/01/1900
394;PICHIUCA LAMBRAMA;indefinido394;indefinido;indefinido;123451625;8311111;978111111;4;38;421;.;;activo;0/01/1900;0/01/1900
395;AV NUÃ‘EZ 503;indefinido395;indefinido;indefinido;123451626;1111111;978111111;4;38;421;PSJE EEUU EL OLIVO;;activo;0/01/1900;0/01/1900
396;IEI 109 Divino Jesus;indefinido396;indefinido;indefinido;123451627;8311111;978111111;4;38;424;LUCMUS;;activo;0/01/1900;0/01/1900
397;IEI 865;indefinido397;indefinido;indefinido;123451628;8311111;978111111;4;38;424;LUCMUS;;activo;0/01/1900;0/01/1900
398;DIRESA;indefinido398;indefinido;indefinido;123451629;8311111;978111111;4;38;424;CIRCUNVALACION S/N;;activo;0/01/1900;0/01/1900
399;MUNCIPALIDAD DE LURIN;indefinido399;indefinido;indefinido;123451630;8311111;978111111;4;38;424;JR SAN MARTIN S/N;;activo;0/01/1900;0/01/1900
400;CEBA San Jose;indefinido400;indefinido;indefinido;123451631;8311111;978111111;4;38;424;JR SAN MARTIN S/N;;activo;0/01/1900;0/01/1900
401;pcs;indefinido401;indefinido;indefinido;123451632;8311111;978111111;4;38;424;AV ABANCAY S/N;;activo;0/01/1900;0/01/1900
402;EMPRESA PRIVADA;indefinido402;indefinido;indefinido;123451633;8311111;978111111;4;38;424;AV SANTA CATALINA 306;;activo;0/01/1900;0/01/1900
403;HOSPITAL CASIMIRO ULLOA;indefinido403;indefinido;indefinido;123451634;8311111;978111111;4;38;424;AV ABANCAY S/N;;activo;0/01/1900;0/01/1900
404;CEBE Ramon Castilla;indefinido404;indefinido;indefinido;123451635;8311111;978111111;4;38;424;AV SANTA CATALINA 306;;activo;0/01/1900;0/01/1900
405;I.E. PNP JUAN INGUNZA VALDIVIA;indefinido405;indefinido;indefinido;123451636;8311111;978111111;4;38;424;AV ABANCAY S/N;;activo;0/01/1900;0/01/1900
406;Habla feliz;indefinido406;indefinido;indefinido;123451637;8311111;978111111;4;38;424;SECTOR TANCARPATA ALTA;;activo;0/01/1900;0/01/1900
407;I. E. COPRODELI SAN JUAN MASIAS;indefinido407;indefinido;indefinido;123451638;8311111;978111111;4;38;424;AV ABANCAY S/N;;activo;0/01/1900;0/01/1900
408;CEBE San Antonio;indefinido408;indefinido;indefinido;123451639;8311111;978111111;4;38;424;AUGUSTO B LEGUI;;activo;0/01/1900;0/01/1900
409;I.E. JORGE PORTOCARRERO;indefinido409;indefinido;indefinido;123451640;8311111;978111111;4;38;424;AUGUSTO B LEGUI;;activo;0/01/1900;0/01/1900
410;I.E. 126 Virgen del Carmen.;indefinido410;indefinido;indefinido;123451641;8311111;978111111;4;38;424;JR LEGUI S/N;;activo;0/01/1900;0/01/1900
411;CS Hijos de Grau.;indefinido411;indefinido;indefinido;123451642;8311111;978111111;4;38;424;AV ABANCAY S/N;;activo;0/01/1900;0/01/1900
412;CAFED;indefinido412;indefinido;indefinido;123451643;8311111;978111111;4;38;424;AV ABANCAY S/N;;activo;0/01/1900;0/01/1900
413;GOBIERNO REGIONAL;indefinido413;indefinido;indefinido;123451644;8311111;978111111;4;38;424;JR LEGUI S/N;;activo;0/01/1900;0/01/1900
414;DIRESA;indefinido414;indefinido;indefinido;123451645;8311111;978111111;4;38;424;AV MARTINELLY S/N;;activo;0/01/1900;0/01/1900
415;MUNICIPALIDAD DE LURIN;indefinido415;indefinido;indefinido;123451646;8311111;978111111;4;38;424;MARTINELLY S/N;;activo;0/01/1900;0/01/1900
416;JUAN INGUNZA VALDIVIA;indefinido416;indefinido;indefinido;123451647;8311111;978111111;4;39;430;JR JUAN FRANCISCO RAMOS 380;UNAJMA 4TO PISO;activo;0/01/1900;0/01/1900
417;GOBIERNO REGIONAL DEL CALLAO;indefinido417;indefinido;indefinido;123451648;8311111;978111111;4;39;430;JR JUAN FRANCISCO RAMOS 380;UNAJMA 4TO PISO;activo;0/01/1900;0/01/1900
418;REGION CALLAO;indefinido418;indefinido;indefinido;123451649;8311111;978111111;4;39;430;JR MARIANO MELGAR 484;;activo;0/01/1900;0/01/1900
419;I.E.P SAN LUIS GONZAGA;indefinido419;indefinido;indefinido;123451650;8311111;978111111;4;39;430;JR ALFONSO UGARTE;;activo;0/01/1900;0/01/1900
420;fe y alegria;indefinido420;indefinido;indefinido;123451651;8311111;978111111;4;39;430;JR BOLIVAR 430;;activo;0/01/1900;0/01/1900
421;I.E.I. 77;indefinido421;indefinido;indefinido;123451652;8311111;978111111;4;39;430;JR ALFONSO UGARTE;;activo;0/01/1900;0/01/1900
422;Colegio Matter Dei;indefinido422;indefinido;indefinido;123451653;8311111;978111111;4;39;430;JR ALFONSO UGARTE;;activo;0/01/1900;0/01/1900
423;Colegio Ricardo Palma;indefinido423;indefinido;indefinido;123451654;8311111;978111111;4;39;430;SEDE JOYA HUACHO;;activo;0/01/1900;0/01/1900
424;CB Virgen del Carmen;indefinido424;indefinido;indefinido;123451655;8311111;978111111;4;39;430;SAN JERONIMO;;activo;0/01/1900;0/01/1900
425;Centro Habla Feliz;indefinido425;indefinido;indefinido;123451656;8311111;978111111;4;39;430;SAN JERONIMO;;activo;0/01/1900;0/01/1900
426;P.S. Pachacutec;indefinido426;indefinido;indefinido;123451657;8311111;978111111;4;39;430;AV LOS CHANCAS 104;;activo;0/01/1900;0/01/1900
427;IEP Maria y Jesus;indefinido427;indefinido;indefinido;123451658;8311111;978111111;4;39;430;CAMPUS SAN JERONINO;;activo;0/01/1900;0/01/1900
428;Independiente..;indefinido428;indefinido;indefinido;123451659;8311111;978111111;4;39;439;AV APURIMAC S/N;;activo;0/01/1900;0/01/1900
429;Independiente.;indefinido429;indefinido;indefinido;123451660;8311111;978111111;4;39;439;AV APURIMAC S/N;;activo;0/01/1900;0/01/1900
430;EMPRESA;indefinido430;indefinido;indefinido;123451661;8311111;978111111;4;39;449;JR JUAN PABLO CASTRO 2DO PISO 258;;activo;0/01/1900;0/01/1900
431;Talma;indefinido431;indefinido;indefinido;123451662;941036145;978111111;4;41;456;PLAZA;;activo;0/01/1900;0/01/1900
432;EMPRESA;indefinido432;indefinido;indefinido;123451663;983912344;978111111;4;41;456;PLAZA DE CHUQUINGA;;activo;0/01/1900;0/01/1900
433;CS Mun Los Olivoa;indefinido433;indefinido;indefinido;123451664;972941226;978111111;5;45;501;arequipa;;activo;0/01/1900;0/01/1900
434;REGION;indefinido434;indefinido;indefinido;123451665;73502873;978111111;9;83;870;piura;;activo;0/01/1900;0/01/1900
435;Empresa;indefinido435;indefinido;indefinido;123451666;922343718;978111111;9;83;870;piura;;activo;0/01/1900;0/01/1900
436;Ministerio Publico Ventanilla;indefinido436;indefinido;indefinido;123451667;3201322;978111111;9;83;870;Mancora;;activo;0/01/1900;0/01/1900
437;IEI 86 SeÃ±or de los Milagros;indefinido437;indefinido;indefinido;123451668;947875072;978111111;9;85;886;sullana;;activo;0/01/1900;0/01/1900
438;MINISTERIO PUBLICO - ABANCAY;indefinido438;indefinido;indefinido;123451669;0;978111111;10;87;910;CARRETERA PIMENTEL KM 5.7;;activo;0/01/1900;0/01/1900
439;EMPRESA;indefinido439;indefinido;indefinido;123451670;987315204;978111111;1;194;978;callao;;activo;0/01/1900;0/01/1900
440;I.E FEDERICO VILLAREAL;indefinido440;indefinido;indefinido;123451671;990377941;978111111;1;194;978;"Calle Haiti Mz ""E"" lt 11 Viñas de Oquendo - Callao";;activo;0/01/1900;0/01/1900
441;TRABAJO EN ATE;indefinido441;indefinido;indefinido;123451672;979601713;978111111;1;194;978;"Calle haiti Mz "" E"" Lt 11 Viñas de Oquendo - Callao";;activo;0/01/1900;0/01/1900
442;MUNICIPALIDAD DE LURIN;indefinido442;indefinido;indefinido;123451673;982392342;978111111;1;194;978;Mz F9 LTE 21 Bocanegra Bocanegra Callao Alt 45 Av Perú;;activo;0/01/1900;0/01/1900
443;LAS PALMAS;indefinido443;indefinido;indefinido;123451674;923097046;978111111;1;194;978;AV. Canta Callao;;activo;0/01/1900;0/01/1900
444;LAS PALMAS;indefinido444;indefinido;indefinido;123451675;939157935;978111111;1;194;978;Mz. D Lote 1 Av. 200 Millas;;activo;0/01/1900;0/01/1900
445;FUERZA AEREA;indefinido445;indefinido;indefinido;123451676;5479207;978111111;1;194;978;Mz o Lote 19 Urb.200 millas;;activo;0/01/1900;0/01/1900
446;MUNICIPALIDAD DE VENTANILLA;indefinido446;indefinido;indefinido;123451677;0;978111111;1;194;978;.;;activo;0/01/1900;0/01/1900
447;REGION;indefinido447;indefinido;indefinido;123451678;0;978111111;1;194;978;200 Millas;;activo;0/01/1900;0/01/1900
448;POLITECNICO DE VENTANILLA;indefinido448;indefinido;indefinido;123451679;0;978111111;1;194;978;Av Peru cdra 23;;activo;0/01/1900;0/01/1900
449;MUNICIPALIDAD MAGDALENA DEL MAR;indefinido449;indefinido;indefinido;123451680;0;978111111;1;194;978;Av. Daniel AlcidezsCarrion;;activo;0/01/1900;0/01/1900
450;atender a domicilio;indefinido450;indefinido;indefinido;123451681;5198053;978111111;1;194;978;;;activo;0/01/1900;0/01/1900
451;ATENDER A DOMICILIO;indefinido451;indefinido;indefinido;123451682;0;978111111;1;194;978;Mz O lote19. Urb 200 millas-Paque Heroes del Cenepa;;activo;0/01/1900;0/01/1900
452;I.E.I 020 - COVITI;indefinido452;indefinido;indefinido;123451683;988686189;978111111;1;194;978;Marquez;;activo;0/01/1900;0/01/1900
453;I.E POLITECNICO DE VENTANILLA;indefinido453;indefinido;indefinido;123451684;13201322;978111111;1;194;978;AAHH Ramon Castilla;;activo;0/01/1900;0/01/1900
454;UNIVERSIDAD ANDINA NESTOR CACERES VELASQUEZ;indefinido454;indefinido;indefinido;123451685;13201322;978111111;1;194;978;La Regla;;activo;0/01/1900;0/01/1900
455;MINISTERIO DE EDUCACION;indefinido455;indefinido;indefinido;123451686;923695939;978111111;1;194;978;Av Argentina 1030;;activo;0/01/1900;0/01/1900
456;UGEL - AYMARAES;indefinido456;indefinido;indefinido;123451687;921420852;978111111;1;194;978;sectorboca negra, al lado del Colegio SanMartin;;activo;0/01/1900;0/01/1900
457;Del Hogar.;indefinido457;indefinido;indefinido;123451688;923571525;978111111;1;194;978;Sarita Colonia;;activo;0/01/1900;0/01/1900
458;CS Angamos;indefinido458;indefinido;indefinido;123451689;13201322;978111111;1;194;978;Ciudad Satelite Santa Rosa;;activo;0/01/1900;0/01/1900
459;Hospital Sabogal;indefinido459;indefinido;indefinido;123451690;13201322;978111111;1;194;978;Ciudad Satelite Santa Rosa;;activo;0/01/1900;0/01/1900
460;IEI 65 Mi niÃ±o Jesus;indefinido460;indefinido;indefinido;123451691;13201322;978111111;1;194;978;Av. Ayacucho Mz G7 Lote 6;;activo;0/01/1900;0/01/1900
461;Colegio Sor Ana de los Angeles;indefinido461;indefinido;indefinido;123451692;954477445;978111111;1;194;978;Sarita Colinia, a una cuadra del paradero Ferreteria.;;activo;0/01/1900;0/01/1900
462;independiente;indefinido462;indefinido;indefinido;123451693;13201322;978111111;1;194;978;Atras de Minka;;activo;0/01/1900;0/01/1900
463;C.S. Gambeta;indefinido463;indefinido;indefinido;123451694;13201322;978111111;1;194;978;Sarita Colonia - Pasando el penal.;;activo;0/01/1900;0/01/1900
464;IEI Miguel Grau;indefinido464;indefinido;indefinido;123451695;13201322;978111111;1;194;978;Av. Gambetta;;activo;0/01/1900;0/01/1900
465;Centro de salud previ;indefinido465;indefinido;indefinido;123451696;13201322;978111111;1;194;978;Av. Tupac Amaru Mz M1 Lt 4 - AAHH Santa Rosa;Espaldas del CC Minka;activo;0/01/1900;0/01/1900
466;Hospital de la Solidaridad;indefinido466;indefinido;indefinido;123451697;13201322;978111111;1;194;978;AAHH Tiwinza;;activo;0/01/1900;0/01/1900
467;"RED ""DIresa"" Callao";indefinido467;indefinido;indefinido;123451698;993447911;978111111;1;194;978;CALLAO;;activo;0/01/1900;0/01/1900
468;GOBIERNO REGIONAL APURIMAC - CICCA;indefinido468;indefinido;indefinido;123451699;993447911;978111111;1;194;978;callao;;activo;0/01/1900;0/01/1900
469;INSTITUTO CUETO FERNANDINI;indefinido469;indefinido;indefinido;123451700;960958605;978111111;1;194;978;CALLAO;;activo;0/01/1900;0/01/1900
470;MUNICIPALIDAD DE VENTANILLA;indefinido470;indefinido;indefinido;123451701;920379931;978111111;1;194;978;CALLAO;;activo;0/01/1900;0/01/1900
471;C.E POLITECNICO;indefinido471;indefinido;indefinido;123451702;973987792;978111111;1;194;978;LA PERLA;;activo;0/01/1900;0/01/1900
472;GOBIERNO REGIONAL DEL CALLAO;indefinido472;indefinido;indefinido;123451703;914057521;978111111;1;194;978;urb Santa Marina;;activo;0/01/1900;0/01/1900
473;Consorcio Fk;indefinido473;indefinido;indefinido;123451704;977441903;978111111;1;194;978;CALLAO;;activo;0/01/1900;0/01/1900
474;GOBIERNO REGIONAL DE CALLAO;indefinido474;indefinido;indefinido;123451705;981081922;978111111;1;194;978;CALLAO;;activo;0/01/1900;0/01/1900
475;Consorcio FK;indefinido475;indefinido;indefinido;123451706;966426912;978111111;1;194;978;CALLAO;;activo;0/01/1900;0/01/1900
476;Consorcio FK;indefinido476;indefinido;indefinido;123451707;995843928;978111111;1;194;978;CALLAO;;activo;0/01/1900;0/01/1900
477;Consorcio FK;indefinido477;indefinido;indefinido;123451708;991663974;978111111;1;194;978;CALLAO;;activo;0/01/1900;0/01/1900
478;Consorcio FK;indefinido478;indefinido;indefinido;123451709;990920787;978111111;1;194;978;Jr. Zarumilla S/N Miguel Grau (Dulanto);;activo;0/01/1900;0/01/1900
479;Consorcio fk;indefinido479;indefinido;indefinido;123451710;13201322;978111111;1;194;978;Sarita Colonia - Pasando el penal.;;activo;0/01/1900;0/01/1900
480;Consorcio FK;indefinido480;indefinido;indefinido;123451711;13201322;978111111;1;194;978;Urb. Albino Herrera Mz C;;activo;0/01/1900;0/01/1900
481;consorcio fk;indefinido481;indefinido;indefinido;123451712;938392213;978111111;1;194;978;CALLAO;;activo;0/01/1900;0/01/1900
482;Consorcio FK;indefinido482;indefinido;indefinido;123451713;938392213;978111111;1;194;978;CALLAO;;activo;0/01/1900;0/01/1900
483;Consorcio fk;indefinido483;indefinido;indefinido;123451714;924070967;978111111;1;194;978;Calle sigma pasaje 30 Mz A21 Lt s/n, Boca Negra.;;activo;0/01/1900;0/01/1900
484;consorcio fk;indefinido484;indefinido;indefinido;123451715;986878074;978111111;1;194;978;CALLAO;;activo;0/01/1900;0/01/1900
485;CENTRO DE SALUD AEROPUERTO;indefinido485;indefinido;indefinido;123451716;993625014;978111111;1;194;978;Jr Iquitos, Mzna D Lote 16 Santa Rosa.;;activo;0/01/1900;0/01/1900
486;consorcio fk;indefinido486;indefinido;indefinido;123451717;995416663;978111111;1;194;978;sector Castilla.;;activo;0/01/1900;0/01/1900
487;CONSORCIO FK;indefinido487;indefinido;indefinido;123451718;969542181;978111111;1;194;978;Calle Los Nenufares S/N - VIPOL;;activo;0/01/1900;0/01/1900
488;CONSORCIO FK;indefinido488;indefinido;indefinido;123451719;966749658;978111111;1;194;978;CALLAO;;activo;0/01/1900;0/01/1900
489;Consorcio fk;indefinido489;indefinido;indefinido;123451720;958559302;978111111;1;194;978;CALLAO;;activo;0/01/1900;0/01/1900
490;CONSORCIO FK;indefinido490;indefinido;indefinido;123451721;951689108;978111111;1;194;978;CALLAO;;activo;0/01/1900;0/01/1900
491;CONSORCIO FK;indefinido491;indefinido;indefinido;123451722;962961447;978111111;1;194;978;CALLAO;;activo;0/01/1900;0/01/1900
492;consorcio fk;indefinido492;indefinido;indefinido;123451723;970348908;978111111;1;194;978;CALLAO;;activo;0/01/1900;0/01/1900
493;Obispado del Callao;indefinido493;indefinido;indefinido;123451724;948062396;978111111;1;194;978;CALLAO;;activo;0/01/1900;0/01/1900
494;I.E Seane Corrales;indefinido494;indefinido;indefinido;123451725;984025417;978111111;1;194;978;CALLAO;;activo;0/01/1900;0/01/1900
495;I.E.I. Miguel Grau Nro 94;indefinido495;indefinido;indefinido;123451726;13201322;978111111;1;194;978;Av. Bertello y Av. Canta Callao;;activo;0/01/1900;0/01/1900
496;CS Faucett;indefinido496;indefinido;indefinido;123451727;13201322;978111111;1;194;978;Urb Jorge Chavez 1era Etapa;Frente al mercado Santa Rosa, espalda de Elektra de la Av. Tomas Valle;activo;0/01/1900;0/01/1900
497;Instituto nacional;indefinido497;indefinido;indefinido;123451728;989811239;978111111;1;194;978;CALLAO;;activo;0/01/1900;0/01/1900
498;Hospital Casimiro Ulloa;indefinido498;indefinido;indefinido;123451729;965113628;978111111;1;194;978;diagonal al Colegio Sor Ana de los Angeles.;;activo;0/01/1900;0/01/1900
499;IE LAS MERCEDES;indefinido499;indefinido;indefinido;123451730;995268111;978111111;1;194;978;CALLAO;;activo;0/01/1900;0/01/1900
500;I.E San Juan Masias;indefinido500;indefinido;indefinido;123451731;970806164;978111111;1;194;978;CALLAO;;activo;0/01/1900;0/01/1900
501;Inicial 87 Santa Rosa;indefinido501;indefinido;indefinido;123451732;970349817;978111111;1;194;978;Av Chalaca frente a la Villa deportiva.;;activo;0/01/1900;0/01/1900
502;Colegio Barnechea;indefinido502;indefinido;indefinido;123451733;13201322;978111111;1;194;978;Av. Pacasmayo - Santa Rosa;;activo;0/01/1900;0/01/1900
503;El Castilllo Magico del Saber;indefinido503;indefinido;indefinido;123451734;950818711;978111111;1;194;978;Av Gambeta, Callao a la altura del mercado Rojo.;;activo;0/01/1900;0/01/1900
504;I.E. CUNA JARDIN JUAN PABLO II;indefinido504;indefinido;indefinido;123451735;13201322;978111111;1;194;978;AAHH Miguel Grau;;activo;0/01/1900;0/01/1900
505;Puesto de salud Jose Olaya;indefinido505;indefinido;indefinido;123451736;13201322;978111111;1;194;978;Urb Previ;;activo;0/01/1900;0/01/1900
506;Colegio Nro 80 - 200 Millas;indefinido506;indefinido;indefinido;123451737;965456080;978111111;1;194;978;Callao.;;activo;0/01/1900;0/01/1900
507;GOBIERNO REGIONAL DE LIMA;indefinido507;indefinido;indefinido;123451738;991993329;978111111;1;194;978;CALLAO;;activo;0/01/1900;0/01/1900
508;Centro de Salud El Alamo;indefinido508;indefinido;indefinido;123451739;17262393;978111111;1;194;978;CALLAO;;activo;0/01/1900;0/01/1900
509;hopital dos de mayo;indefinido509;indefinido;indefinido;123451740;991290755;978111111;1;194;978;calle 5 VENTANILLA;;activo;0/01/1900;0/01/1900
510;Ministerio de Educacion;indefinido510;indefinido;indefinido;123451741;13201322;978111111;1;194;978;DULANTO;;activo;0/01/1900;0/01/1900
511;SERVICIO DE ESPECIALISTAS EN REHABILITACIÃ“N SER;indefinido511;indefinido;indefinido;123451742;959959419;978111111;1;194;978;Sector 200 milas, via paradero Aguky;;activo;0/01/1900;0/01/1900
512;Ugel de ventanilla;indefinido512;indefinido;indefinido;123451743;947972172;978111111;1;194;978;Callao;;activo;0/01/1900;0/01/1900
513;Gobierno Regional del Callao;indefinido513;indefinido;indefinido;123451744;953839281;978111111;1;194;978;Urb Santa Rosa, entrando por los pozos de pacasmayo.;;activo;0/01/1900;0/01/1900
514;Ugel de Ventanilla;indefinido514;indefinido;indefinido;123451745;4658764;978111111;1;194;978;AA. HH. Juan Pablo II Mz O S/N;Paradero Juan Pablo - despues de paradero RAMSA;activo;0/01/1900;0/01/1900
515;Municipalidad de Ventanilla;indefinido515;indefinido;indefinido;123451746;13201322;978111111;1;194;978;200 Millas;Atras del Grifo Aguki;activo;0/01/1900;0/01/1900
516;Phoenix foods S.A.C;indefinido516;indefinido;indefinido;123451747;13201322;978111111;1;194;978;Av. Colectora;Frente al mercado El Alamo;activo;0/01/1900;0/01/1900
517;Gobierno Regional del Callao;indefinido517;indefinido;indefinido;123451748;989804982;978111111;1;194;978;Callao;;activo;0/01/1900;0/01/1900
518;Capda;indefinido518;indefinido;indefinido;123451749;955590954;978111111;1;194;978;CALLAO;;activo;0/01/1900;0/01/1900
519;Phownix Foods S.A.C;indefinido519;indefinido;indefinido;123451750;964399312;978111111;1;194;978;Callao;;activo;0/01/1900;0/01/1900
520;Gobierno Regional del Callao;indefinido520;indefinido;indefinido;123451751;967788891;978111111;1;194;978;Callao;;activo;0/01/1900;0/01/1900
521;Ventanilla;indefinido521;indefinido;indefinido;123451752;955822585;978111111;1;194;978;Av: Elmer Faucett 3970;;activo;0/01/1900;0/01/1900
522;MIM PNCVES;indefinido522;indefinido;indefinido;123451753;955582285;978111111;1;194;978;Callao;;activo;0/01/1900;0/01/1900
523;Hospital Casimiro;indefinido523;indefinido;indefinido;123451754;943612297;978111111;1;194;978;Bella Vista, Fundicion. Colegio Fatima.;;activo;0/01/1900;0/01/1900
524;Gobierno Regional del callao;indefinido524;indefinido;indefinido;123451755;998920981;978111111;1;194;978;Hospital E-Salud Mongrut. San Miguel, detras del Plaza vea de la av. Venezuela.;;activo;0/01/1900;0/01/1900
525;Gobierno Regional del Callao;indefinido525;indefinido;indefinido;123451756;945887950;978111111;1;194;978;Av Pacasmayo. sector Santa Rosa;;activo;0/01/1900;0/01/1900
526;Ugel de Ventanilla;indefinido526;indefinido;indefinido;123451757;981371970;978111111;1;194;978;Santa Marina, frente a la fiscalia. Jr Chiclayo 185.;;activo;0/01/1900;0/01/1900
527;Ugel - Ventanilla;indefinido527;indefinido;indefinido;123451758;994715443;978111111;1;194;978;Av Pacasmayo. sector Santa Rosa;;activo;0/01/1900;0/01/1900
528;Coprodeli;indefinido528;indefinido;indefinido;123451759;13201322;978111111;1;194;978;Urb. El Condor;;activo;0/01/1900;0/01/1900
529;MUNICIPALIDAD DE LA VICTORIA;indefinido529;indefinido;indefinido;123451760;13201322;978111111;1;194;978;Mz G11 Lote 17 - Bocanegra Sector 5;;activo;0/01/1900;0/01/1900
530;DREC;indefinido530;indefinido;indefinido;123451761;941961073;978111111;1;194;978;domicilio;;activo;0/01/1900;0/01/1900
531;INEI;indefinido531;indefinido;indefinido;123451762;949717537;978111111;1;194;978;domicilio;;activo;0/01/1900;0/01/1900
532;INEI;indefinido532;indefinido;indefinido;123451763;997349423;978111111;1;194;978;Callao;;activo;0/01/1900;0/01/1900
533;I.E.P CHRISTIAN BARNARD;indefinido533;indefinido;indefinido;123451764;931172608;978111111;1;194;978;CALLAO;;activo;0/01/1900;0/01/1900
534;POLICLINICO MUNICIPALIDAD DE PUEBLO NUEVO;indefinido534;indefinido;indefinido;123451765;920051648;978111111;1;194;978;Callao;;activo;0/01/1900;0/01/1900
535;ATENDER A DOMICILIO;indefinido535;indefinido;indefinido;123451766;966634259;978111111;1;194;978;Callao;;activo;0/01/1900;0/01/1900
536;CENTRO DE SALUD CIUDAD PACHACUTEC;indefinido536;indefinido;indefinido;123451767;;978111111;1;194;978;callao;;activo;0/01/1900;0/01/1900
537;Colegio Fatima;indefinido537;indefinido;indefinido;123451768;980538366;978111111;1;194;978;Callao;;activo;0/01/1900;0/01/1900
538;Hospital E-salud Mongrut;indefinido538;indefinido;indefinido;123451769;980891475;978111111;1;194;978;Callao;;activo;0/01/1900;0/01/1900
539;Sor Ana de los Angeles.;indefinido539;indefinido;indefinido;123451770;922184734;978111111;1;194;978;Callao;;activo;0/01/1900;0/01/1900
540;Centro de estimulacion Castilllo azul;indefinido540;indefinido;indefinido;123451771;999091290;978111111;1;194;978;Av: Alameda S/N;;activo;0/01/1900;0/01/1900
541;Colegio Sor Ana de los Angeles;indefinido541;indefinido;indefinido;123451772;959711454;978111111;1;194;978;Urb. Los Jazmines;;activo;0/01/1900;0/01/1900
542;Vnetanilla;indefinido542;indefinido;indefinido;123451773;925186617;978111111;1;194;978;Av pacasmayo con Boca negra;;activo;0/01/1900;0/01/1900
543;Red de Salud Tupac Amaru;indefinido543;indefinido;indefinido;123451774;972969253;978111111;1;194;978;faucett con Gambeta;;activo;0/01/1900;0/01/1900
544;Colegio Ramiro Priale;indefinido544;indefinido;indefinido;123451775;13201322;978111111;1;194;978;Callao;;activo;0/01/1900;0/01/1900
545;Centro de Salud Poligono;indefinido545;indefinido;indefinido;123451776;13201322;978111111;1;194;978;Av. Guardia Chalaca S/N;;activo;0/01/1900;0/01/1900
546;Centro Materno Infantil Peru Corea Pachacutec;indefinido546;indefinido;indefinido;123451777;0;978111111;1;194;978;av. Colonial;;activo;0/01/1900;0/01/1900
547;domicilio;indefinido547;indefinido;indefinido;123451778;4535739;978111111;1;194;978;Av Faucett;;activo;0/01/1900;0/01/1900
548;Compassion Internacional SAC;indefinido548;indefinido;indefinido;123451779;970755592;978111111;1;194;978;Callo;;activo;0/01/1900;0/01/1900
549;domicilio;indefinido549;indefinido;indefinido;123451780;943642068;978111111;1;194;978;CALLAO;;activo;0/01/1900;0/01/1900
550;region del callao;indefinido550;indefinido;indefinido;123451781;987009461;978111111;1;194;978;casa de la cultura Municipalidad del Callao.;;activo;0/01/1900;0/01/1900
551;domicilo;indefinido551;indefinido;indefinido;123451782;965726853;978111111;1;194;978;Urb san juan masias;;activo;0/01/1900;0/01/1900
552;domicilio;indefinido552;indefinido;indefinido;123451783;938222430;978111111;1;194;978;ejercito;;activo;0/01/1900;0/01/1900
553;I.E. LAS MERCEDES;indefinido553;indefinido;indefinido;123451784;947260891;978111111;1;194;978;av faucett 3970;;activo;0/01/1900;0/01/1900
554;Municipalidad de Bella Vista;indefinido554;indefinido;indefinido;123451785;;978111111;1;194;978;URB san juan masias S/N;;activo;0/01/1900;0/01/1900
555;casa de la Cultura, Callao;indefinido555;indefinido;indefinido;123451786;943120744;978111111;1;194;978;mz 643, lote 19. Boca Negra, Callao.;;activo;0/01/1900;0/01/1900
556;Ugel de Ventanilla;indefinido556;indefinido;indefinido;123451787;13201322;978111111;1;194;978;Calle 1 Urb. Previ - Callao;Frente al Centro de Salud Previ;activo;0/01/1900;0/01/1900
557;Municipalidad de Paramonga;indefinido557;indefinido;indefinido;123451788;945921159;978111111;1;194;978;Bocanegra - Callao;;activo;0/01/1900;0/01/1900
558;Hospital Casimiro Ulloa;indefinido558;indefinido;indefinido;123451789;943290915;978111111;1;194;978;Av: Elmer Faucett 3970;;activo;0/01/1900;0/01/1900
559;Hospital Casimiro Ulloa;indefinido559;indefinido;indefinido;123451790;989932008;978111111;1;194;978;Jr: Colina;;activo;0/01/1900;0/01/1900
560;AUTORIDAD NACIONAL DEL AGUA - ABANCAY;indefinido560;indefinido;indefinido;123451791;991865594;978111111;1;194;978;Av: Elmer Faucett 3970;;activo;0/01/1900;0/01/1900
561;Gobierno regional del callao;indefinido561;indefinido;indefinido;123451792;991855385;978111111;1;194;978;AV CANADA S/N;;activo;0/01/1900;0/01/1900
562;UGEL VENTANILLA;indefinido562;indefinido;indefinido;123451793;997212434;978111111;1;194;978;AV CANADA S/N;;activo;0/01/1900;0/01/1900
563;GOBIERNO REGIONAL ABANCAY;indefinido563;indefinido;indefinido;123451794;;978111111;1;194;978;Av. canada sin numero;;activo;0/01/1900;0/01/1900
564;SEGURO SOCIAL ESSALUD;indefinido564;indefinido;indefinido;123451795;980969359;978111111;1;194;978;AV Canada S/N;Paradero obras;activo;0/01/1900;0/01/1900
565;Gobierno Regional del Callao;indefinido565;indefinido;indefinido;123451796;955084499;978111111;1;194;978;av faucett 3970;;activo;0/01/1900;0/01/1900
566;Gobierno regional del callao;indefinido566;indefinido;indefinido;123451797;985852392;978111111;1;194;978;Sector Gambeta.;;activo;0/01/1900;0/01/1900
567;Gobierno REgional Del Callao;indefinido567;indefinido;indefinido;123451798;980696483;978111111;1;194;978;Santa Rosa , al lado de la Posta.;;activo;0/01/1900;0/01/1900
568;Gobierno Regional del callo;indefinido568;indefinido;indefinido;123451799;942122134;978111111;1;194;978;Av . Argentina detras del mercado del Callao.;;activo;0/01/1900;0/01/1900
569;GOBIERNO REGIONAL DEL CALLAO;indefinido569;indefinido;indefinido;123451800;13201322;978111111;1;194;978;AAHH Daniel Alcides Carrion - Sarita Colonia;A una cuadra del penal Sarita Colonia;activo;0/01/1900;0/01/1900
570;Negocio propio;indefinido570;indefinido;indefinido;123451801;13201322;978111111;1;194;978;Av. Ayacucho Mz G7 Lote 6;;activo;0/01/1900;0/01/1900
571;gobierno regiona del callao;indefinido571;indefinido;indefinido;123451802;981080516;978111111;1;194;978;av. Buenos Aires.;;activo;0/01/1900;0/01/1900
572;Municipalidad de Lurin;indefinido572;indefinido;indefinido;123451803;943027674;978111111;1;194;978;Santa Marina;;activo;0/01/1900;0/01/1900
573;I.E.I 148;indefinido573;indefinido;indefinido;123451804;977167313;978111111;1;194;978;Puerto Nuevo;;activo;0/01/1900;0/01/1900
574;I.E.I nro 152;indefinido574;indefinido;indefinido;123451805;993888056;978111111;1;194;978;Av. Chalaca;;activo;0/01/1900;0/01/1900
575;RED BEPECA;indefinido575;indefinido;indefinido;123451806;996850684;978111111;1;194;978;Av. Faucet. Dulanto.;;activo;0/01/1900;0/01/1900
576;Reniec;indefinido576;indefinido;indefinido;123451807;952331815;978111111;1;194;978;Av Tomas Valle;;activo;0/01/1900;0/01/1900
577;C.S Santa Rosa Pachacutec;indefinido577;indefinido;indefinido;123451808;13201322;978111111;1;194;978;Urb. El condor;;activo;0/01/1900;0/01/1900
578;C.S Defensores de la patria;indefinido578;indefinido;indefinido;123451809;13201322;978111111;1;194;978;Gambeta Alta;;activo;0/01/1900;0/01/1900
579;C.S Luis Felipe de Covida;indefinido579;indefinido;indefinido;123451810;13201322;978111111;1;194;978;Carmen de la Legua;;activo;0/01/1900;0/01/1900
580;I.E San Juan Masias;indefinido580;indefinido;indefinido;123451811;13201322;978111111;1;194;978;Carmen de la Legua;;activo;0/01/1900;0/01/1900
581;Institucion Educativa Pachacutec;indefinido581;indefinido;indefinido;123451812;13201322;978111111;1;194;978;Urb. El Condor;;activo;0/01/1900;0/01/1900
582;C.S 3 de febrero;indefinido582;indefinido;indefinido;123451813;981234539;978111111;1;194;978;san miguel;;activo;0/01/1900;0/01/1900
583;Gobierno Regional del callao;indefinido583;indefinido;indefinido;123451814;0;978111111;1;194;978;avenida argentina por minka;;activo;0/01/1900;0/01/1900
584;Hospital Casimiro Ulloa;indefinido584;indefinido;indefinido;123451815;0;978111111;1;194;978;madre de dios;;activo;0/01/1900;0/01/1900
585;VRR Servicios Asociados S.A.C;indefinido585;indefinido;indefinido;123451816;6479713;978111111;1;194;978;Psje Arequipa mz b lote 43- San Juan Masias;;activo;0/01/1900;0/01/1900
586;Hospital Casimiro Ulloa;indefinido586;indefinido;indefinido;123451817;6479713;978111111;1;194;978;psje arequipa mz b lote 43 urb. san jyan mesias;;activo;0/01/1900;0/01/1900
587;C.S Nestor Gambeta;indefinido587;indefinido;indefinido;123451818;6479713;978111111;1;194;978;Psje Arequipa mz b lote 43- San Juan Masias;;activo;0/01/1900;0/01/1900
588;CHL Proyectos;indefinido588;indefinido;indefinido;123451819;0;978111111;1;194;978;aaaaaaaa;;activo;0/01/1900;0/01/1900
589;Digetel Conexiones S.A.C;indefinido589;indefinido;indefinido;123451820;0;978111111;1;194;978;oquendo;;activo;0/01/1900;0/01/1900
590;Colegio Los jazmines;indefinido590;indefinido;indefinido;123451821;0;978111111;1;194;978;oquendo;;activo;0/01/1900;0/01/1900
591;Colegio fatima;indefinido591;indefinido;indefinido;123451822;999255559;978111111;1;194;978;Av. Daniel AlcidezsCarrion;;activo;0/01/1900;0/01/1900
592;Colegio san Pedro;indefinido592;indefinido;indefinido;123451823;5198053;978111111;1;194;978;callao;0;activo;0/01/1900;0/01/1900
593;Colegio san antonio;indefinido593;indefinido;indefinido;123451824;981557525;978111111;1;194;979;callao;;activo;0/01/1900;0/01/1900
594;C.S. faucett;indefinido594;indefinido;indefinido;123451825;992247004;978111111;1;194;979;callao;;activo;0/01/1900;0/01/1900
595;I.E. JOSE OLAYA;indefinido595;indefinido;indefinido;123451826;992722537;978111111;1;194;979;callao;;activo;0/01/1900;0/01/1900
596;I.E.P. LOS ANGELES;indefinido596;indefinido;indefinido;123451827;55455449;978111111;1;194;979;av Nicolas De Pierola 110;Plaza vea Saens peña;activo;0/01/1900;0/01/1900
597;INEI - SEDE MARIA PLAZA;indefinido597;indefinido;indefinido;123451828;4513901;978111111;1;194;979;Parque las amercias s/n;;activo;0/01/1900;0/01/1900
598;I.E. VIRGEN DE LA ASUNCION;indefinido598;indefinido;indefinido;123451829;969567878;978111111;1;194;979;al lado de la municipalidad;;activo;0/01/1900;0/01/1900
599;Colegio Divino Cautivo;indefinido599;indefinido;indefinido;123451830;937597429;978111111;1;194;979;Ciudad del Pescador, dos cuadras espalda de la DREC;;activo;0/01/1900;0/01/1900
600;Centro de Salud Pativilca;indefinido600;indefinido;indefinido;123451831;964880511;978111111;1;194;979;jr Grau lt 667, diagonal a la municipalidad de bella vista.;;activo;0/01/1900;0/01/1900
601;IEI Numero 62 Pasitos de Jesus;indefinido601;indefinido;indefinido;123451832;995416663;978111111;1;194;979;Mz Q4, lt 1B, ciudad del pescador;;activo;0/01/1900;0/01/1900
602;Colegio - Virgen De Guadalupe;indefinido602;indefinido;indefinido;123451833;997418046;978111111;1;194;979;Bella Vista.;;activo;0/01/1900;0/01/1900
603;ATENDER A DOMICILIO;indefinido603;indefinido;indefinido;123451834;985002898;978111111;1;194;979;CAPPA 268;;activo;0/01/1900;0/01/1900
604;I, E. SANTA MARIA SCHOOL;indefinido604;indefinido;indefinido;123451835;982328027;978111111;1;194;979;Calle: Epsilon 237;;activo;0/01/1900;0/01/1900
605;I. E. MARAVILLAS DE JESUS;indefinido605;indefinido;indefinido;123451836;935258858;978111111;1;194;979;Juan Pablo II;;activo;0/01/1900;0/01/1900
606;I. E. P. EL SEMBRADOR;indefinido606;indefinido;indefinido;123451837;986844211;978111111;1;194;979;Jiron Felix Pasache, Bellavista;NOTA: El Segundo Curso es NEUROCIENCIAS;activo;0/01/1900;0/01/1900
607;I. E. P. RAMON SUAREZ SAURI;indefinido607;indefinido;indefinido;123451838;989391467;978111111;1;194;979;Bella Vista;;activo;0/01/1900;0/01/1900
608;I. E. lOS LICENCIADOS;indefinido608;indefinido;indefinido;123451839;4531157;978111111;1;194;979;Av: Juan Pablo II 140-180;;activo;0/01/1900;0/01/1900
609;I. E. NUESTRA SEÃ‘ORA DE BELEN;indefinido609;indefinido;indefinido;123451840;4985511;978111111;1;194;979;Av: Juan Pablo II 140-180;;activo;0/01/1900;0/01/1900
610;MUNICIPALIDAD DE MAGDALENA DEL MAR;indefinido610;indefinido;indefinido;123451841;956244263;978111111;1;194;979;Juan Pablo II nro 140;;activo;0/01/1900;0/01/1900
611;MUNICIPALIDAD DE COMAS;indefinido611;indefinido;indefinido;123451842;950462962;978111111;1;194;979;Jr Vigil 535;;activo;0/01/1900;0/01/1900
612;MUNICIPALIDAD DE CARMEN DE LA LEGUA;indefinido612;indefinido;indefinido;123451843;944062077;978111111;1;194;979;bella Vista. cruce fundicion.;;activo;0/01/1900;0/01/1900
613;CENTRO DE SALUD JESUS MARIA;indefinido613;indefinido;indefinido;123451844;965783707;978111111;1;194;979;Colegio san antonio Bella Vista;;activo;0/01/1900;0/01/1900
614;CENTRO DE SALUD JUAN PEREZ CARRANZA;indefinido614;indefinido;indefinido;123451845;992509503;978111111;1;194;979;Av: Alameda S/N;;activo;0/01/1900;0/01/1900
615;CENTRO TERAPEUTICO RENZULI;indefinido615;indefinido;indefinido;123451846;972784702;978111111;1;194;979;Av. la Marina al lado de los bomberos.;;activo;0/01/1900;0/01/1900
616;MUNICIPALIDAD PROVINCIAL DE ABANCAY;indefinido616;indefinido;indefinido;123451847;990964476;978111111;1;194;979;Av. La Marina al lado de los Bomberos;;activo;0/01/1900;0/01/1900
617;UNIVERSIDAD CESAR VALLEJO;indefinido617;indefinido;indefinido;123451848;990940172;978111111;1;194;979;Av la Marina, al Lado de los bomberos.;;activo;0/01/1900;0/01/1900
618;HOSPITAL GUILLERMO DIAZ DE LA VEGA;indefinido618;indefinido;indefinido;123451849;991072096;978111111;1;194;979;Bella Vista, Paradero Muebles, CB San Antonio.;;activo;0/01/1900;0/01/1900
619;Ministerio de la mujer;indefinido619;indefinido;indefinido;123451850;962384452;978111111;1;194;979;Bella Vista;;activo;0/01/1900;0/01/1900
620;Programa Familiar contra Violencia Familiar;indefinido620;indefinido;indefinido;123451851;997300555;978111111;1;194;979;bella vista;;activo;0/01/1900;0/01/1900
621;I.E Maria Reina de la Esperanza;indefinido621;indefinido;indefinido;123451852;981234539;978111111;1;194;979;BELLAVISTA;;activo;0/01/1900;0/01/1900
622;Municipalidad de lurin;indefinido622;indefinido;indefinido;123451853;991179556;978111111;1;194;979;callao;;activo;0/01/1900;0/01/1900
623;Municipalidad de Lurin;indefinido623;indefinido;indefinido;123451854;954444269;978111111;1;194;980;JR. DANIEL ALCIDES CARRION;;activo;0/01/1900;0/01/1900
624;Gobierno regional de callo;indefinido624;indefinido;indefinido;123451855;4727267;978111111;1;194;980;Posta de Carmen de la Legua;;activo;0/01/1900;0/01/1900
625;DIRESA CALLAO;indefinido625;indefinido;indefinido;123451856;960861757;978111111;1;194;980;Paradero Lubricantes, Dulanto.;;activo;0/01/1900;0/01/1900
626;Gobierno regional del callo;indefinido626;indefinido;indefinido;123451857;936016522;978111111;1;194;980;Municipalidad.;;activo;0/01/1900;0/01/1900
627;Municipalidad de San Bartolo;indefinido627;indefinido;indefinido;123451858;986033649;978111111;1;194;980;carmen de la legua;;activo;0/01/1900;0/01/1900
628;Municipalidad de los olivos;indefinido628;indefinido;indefinido;123451859;944254561;978111111;1;194;980;Jr Victoria Navarro 530 Villa >Sr de los Milagros;;activo;0/01/1900;0/01/1900
629;Maria Reina de la Esperanza;indefinido629;indefinido;indefinido;123451860;13201322;978111111;1;194;980;Villa - Carmen de la Legua;;activo;0/01/1900;0/01/1900
630;C.S SALUD NESTOR GAMBETA;indefinido630;indefinido;indefinido;123451861;4271832;978111111;1;194;980;AV. 1 DE MAYO;A UNA CUADRA DE LA MUNICIPALIDAD DE CARMEN DE LA LEGUA;activo;0/01/1900;0/01/1900
631;Hospital Edgardo Rebagliati Martins;indefinido631;indefinido;indefinido;123451862;975363490;978111111;1;194;980;1 DE MAYO AV FOCE CARMEN DE LA LEGUA;NOTA IMPORTANTE ESTE ALUMNO FUE PAQUETE COMPLETO YA SE DIERON SUS MODULOS Y DIPLOMA;activo;0/01/1900;0/01/1900
632;CEBA;indefinido632;indefinido;indefinido;20101298851;3197830;978111111;1;194;980;Las Magnolias 475;;activo;0/01/1900;0/01/1900
633;20101298851;indefinido633;indefinido;indefinido;20104888934;1321322;978111111;19;157;1533;Complejo Minero;;activo;0/01/1900;0/01/1900
634;CAJA MUNICIPAL DE AHORRO Y CREDITO DE ICA SA;indefinido634;indefinido;indefinido;20104888934;937571205;978111111;1;1;12;av universitaria 579.;;activo;0/01/1900;0/01/1900
635;CMAC ICA SAC;indefinido635;indefinido;indefinido;20131372699;960958605;978111111;1;194;978;CALLAO;;activo;0/01/1900;0/01/1900
636;MUNICIPALIDAD DE PUCUSANA;indefinido636;indefinido;indefinido;20131376767;921884150;978111111;1;194;983;Calle 5 ventanilla;;activo;0/01/1900;0/01/1900
637;Municipalidad de Lurin;indefinido637;indefinido;indefinido;20159981216;997853471;978111111;1;194;983;calle 5 ventanilla;;activo;0/01/1900;0/01/1900
638;Poder Judicial;indefinido638;indefinido;indefinido;20168737565;946717807;978111111;22;181;1725;PUNO;;activo;0/01/1900;0/01/1900
639;municipalidad distrital de comas;indefinido639;indefinido;indefinido;20260014987;992722537;978111111;1;1;40;San Miguel;;activo;0/01/1900;0/01/1900
640;I.E VISTA ALEGRE 3088;indefinido640;indefinido;indefinido;20324567621;969886724;978111111;1;1;26;Jiron Libertad 12 Madgalena.;;activo;0/01/1900;0/01/1900
641;banco de credito;indefinido641;indefinido;indefinido;20324567893;951906542;978111111;14;122;1232;ICA;;activo;0/01/1900;0/01/1900
642;carteleras peruanas sa;indefinido642;indefinido;indefinido;20380486351;997008130;978111111;14;122;1232;ICA;;activo;0/01/1900;0/01/1900
643;Hospital SAN JOSE;indefinido643;indefinido;indefinido;20518791983;989172053;978111111;1;194;983;Mz H2 Lt 02.;;activo;0/01/1900;0/01/1900
644;CARTONES DEL PACIFICO SAC;indefinido644;indefinido;indefinido;20519752604;948810023;978111111;1;194;983;Centro de salud Oquendo;;activo;0/01/1900;0/01/1900
645;GOBIERNO REGIONAL DE MOQUEGUA;indefinido645;indefinido;indefinido;20530688390;980600221;978111111;1;194;983;Calle 3 S/N Av. Eucaliptos;;activo;0/01/1900;0/01/1900
646;GOBIERNO REGIONAL DE LIMA;indefinido646;indefinido;indefinido;20546303951;0;978111111;1;1;36;Av. Jose Galvez Barrenechea N°153;;activo;0/01/1900;0/01/1900
647;corte ue 003 corte superior de justicia de lima;indefinido647;indefinido;indefinido;20546303951;980215334;978111111;1;1;7;Calle Turquesa S/N;;activo;0/01/1900;0/01/1900
648;ue 003 corte superior de justicia de lima;indefinido648;indefinido;indefinido;20553742014;989210244;978111111;1;1;16;Av. San Martin 372. La Merced, Comas.;Altura del Hospital Solidario de Comas. Paradero la Merced;activo;0/01/1900;0/01/1900
649;ICOES;indefinido649;indefinido;indefinido;20553742014;987359621;978111111;1;1;39;Jr. Manuel Pineda 199 Urb. MIguel Grau;Parque del Trabajo - UNI;activo;0/01/1900;0/01/1900
650;icoes;indefinido650;indefinido;indefinido;20601314984;990742854;978111111;1;1;39;Av. Alfredo Mendiola, San Martín de Porres;;activo;0/01/1900;0/01/1900
651;FARMACIA HIROMI SAC;indefinido651;indefinido;indefinido;45875412548;989032143;978111111;1;194;983;Urb. satelite calle 17;;activo;0/01/1900;0/01/1900
652;Claro;indefinido652;indefinido;indefinido;12345678945;0;978111111;14;122;1232;aaaaaaaa;;activo;0/01/1900;0/01/1900
