1,1,modulo 1,sin descripcion,activo,100,00/01/1900,00/01/1900,deuda
2,1,modulo 2,sin descripcion,activo,100,00/01/1900,00/01/1900,deuda
3,1,modulo 3,sin descripcion,activo,100,00/01/1900,00/01/1900,deuda
4,1,modulo 4,sin descripcion,activo,100,00/01/1900,00/01/1900,deuda
5,1,modulo 5,sin descripcion,activo,100,00/01/1900,00/01/1900,deuda
6,1,modulo 6,sin descripcion,activo,100,00/01/1900,00/01/1900,deuda
7,1,modulo 7,sin descripcion,activo,100,00/01/1900,00/01/1900,deuda
8,1,modulo 8,sin descripcion,activo,100,00/01/1900,00/01/1900,deuda
9,2,modulo 1,sin descripcion,activo,100,00/01/1900,00/01/1900,deuda
10,2,modulo 2,sin descripcion,activo,100,00/01/1900,00/01/1900,deuda
11,2,modulo 3,sin descripcion,activo,100,00/01/1900,00/01/1900,deuda
12,2,modulo 4,sin descripcion,activo,100,00/01/1900,00/01/1900,deuda
13,2,modulo 5,sin descripcion,activo,100,00/01/1900,00/01/1900,deuda
14,2,modulo 6,sin descripcion,activo,100,00/01/1900,00/01/1900,deuda
15,2,modulo 7,sin descripcion,activo,100,00/01/1900,00/01/1900,deuda
16,2,modulo 8,sin descripcion,activo,100,00/01/1900,00/01/1900,deuda
17,3,modulo 1,sin descripcion,activo,100,00/01/1900,00/01/1900,deuda
18,3,modulo 2,sin descripcion,activo,100,00/01/1900,00/01/1900,deuda
19,3,modulo 3,sin descripcion,activo,100,00/01/1900,00/01/1900,deuda
20,3,modulo 4,sin descripcion,activo,100,00/01/1900,00/01/1900,deuda
21,3,modulo 5,sin descripcion,activo,100,00/01/1900,00/01/1900,deuda
22,3,modulo 6,sin descripcion,activo,100,00/01/1900,00/01/1900,deuda
23,3,modulo 7,sin descripcion,activo,100,00/01/1900,00/01/1900,deuda
24,3,modulo 8,sin descripcion,activo,100,00/01/1900,00/01/1900,deuda
25,4,modulo 1,sin descripcion,activo,100,00/01/1900,00/01/1900,deuda
26,4,modulo 2,sin descripcion,activo,100,00/01/1900,00/01/1900,deuda
27,4,modulo 3,sin descripcion,activo,100,00/01/1900,00/01/1900,deuda
28,4,modulo 4,sin descripcion,activo,100,00/01/1900,00/01/1900,deuda
29,4,modulo 5,sin descripcion,activo,100,00/01/1900,00/01/1900,deuda
30,4,modulo 6,sin descripcion,activo,100,00/01/1900,00/01/1900,deuda
31,4,modulo 7,sin descripcion,activo,100,00/01/1900,00/01/1900,deuda
32,4,modulo 8,sin descripcion,activo,100,00/01/1900,00/01/1900,deuda
33,5,modulo 1,sin descripcion,activo,100,00/01/1900,00/01/1900,deuda
34,5,modulo 2,sin descripcion,activo,100,00/01/1900,00/01/1900,deuda
35,5,modulo 3,sin descripcion,activo,100,00/01/1900,00/01/1900,deuda
36,5,modulo 4,sin descripcion,activo,100,00/01/1900,00/01/1900,deuda
37,5,modulo 5,sin descripcion,activo,100,00/01/1900,00/01/1900,deuda
38,5,modulo 6,sin descripcion,activo,100,00/01/1900,00/01/1900,deuda
39,5,modulo 7,sin descripcion,activo,100,00/01/1900,00/01/1900,deuda
40,5,modulo 8,sin descripcion,activo,100,00/01/1900,00/01/1900,deuda
41,6,modulo 1,sin descripcion,activo,100,00/01/1900,00/01/1900,deuda
42,6,modulo 2,sin descripcion,activo,100,00/01/1900,00/01/1900,deuda
43,6,modulo 3,sin descripcion,activo,100,00/01/1900,00/01/1900,deuda
44,6,modulo 4,sin descripcion,activo,100,00/01/1900,00/01/1900,deuda
45,6,modulo 5,sin descripcion,activo,100,00/01/1900,00/01/1900,deuda
46,6,modulo 6,sin descripcion,activo,100,00/01/1900,00/01/1900,deuda
47,6,modulo 7,sin descripcion,activo,100,00/01/1900,00/01/1900,deuda
48,6,modulo 8,sin descripcion,activo,100,00/01/1900,00/01/1900,deuda
49,7,modulo 1,sin descripcion,activo,100,00/01/1900,00/01/1900,deuda
50,7,modulo 2,sin descripcion,activo,100,00/01/1900,00/01/1900,deuda
51,7,modulo 3,sin descripcion,activo,100,00/01/1900,00/01/1900,deuda
52,7,modulo 4,sin descripcion,activo,100,00/01/1900,00/01/1900,deuda
53,7,modulo 5,sin descripcion,activo,100,00/01/1900,00/01/1900,deuda
54,7,modulo 6,sin descripcion,activo,100,00/01/1900,00/01/1900,deuda
55,7,modulo 7,sin descripcion,activo,100,00/01/1900,00/01/1900,deuda
56,7,modulo 8,sin descripcion,activo,100,00/01/1900,00/01/1900,deuda
57,8,modulo 1,sin descripcion,activo,100,00/01/1900,00/01/1900,deuda
58,8,modulo 2,sin descripcion,activo,100,00/01/1900,00/01/1900,deuda
59,8,modulo 3,sin descripcion,activo,100,00/01/1900,00/01/1900,deuda
60,8,modulo 4,sin descripcion,activo,100,00/01/1900,00/01/1900,deuda
61,8,modulo 5,sin descripcion,activo,100,00/01/1900,00/01/1900,deuda
62,8,modulo 6,sin descripcion,activo,100,00/01/1900,00/01/1900,deuda
63,8,modulo 7,sin descripcion,activo,100,00/01/1900,00/01/1900,deuda
64,8,modulo 8,sin descripcion,activo,100,00/01/1900,00/01/1900,deuda
65,9,modulo 1,sin descripcion,activo,100,00/01/1900,00/01/1900,deuda
66,9,modulo 2,sin descripcion,activo,100,00/01/1900,00/01/1900,deuda
67,9,modulo 3,sin descripcion,activo,100,00/01/1900,00/01/1900,deuda
68,9,modulo 4,sin descripcion,activo,100,00/01/1900,00/01/1900,deuda
69,9,modulo 5,sin descripcion,activo,100,00/01/1900,00/01/1900,deuda
70,9,modulo 6,sin descripcion,activo,100,00/01/1900,00/01/1900,deuda
71,9,modulo 7,sin descripcion,activo,100,00/01/1900,00/01/1900,deuda
72,9,modulo 8,sin descripcion,activo,100,00/01/1900,00/01/1900,deuda
73,10,modulo 1,sin descripcion,activo,100,00/01/1900,00/01/1900,deuda
74,10,modulo 2,sin descripcion,activo,100,00/01/1900,00/01/1900,deuda
75,10,modulo 3,sin descripcion,activo,100,00/01/1900,00/01/1900,deuda
76,10,modulo 4,sin descripcion,activo,100,00/01/1900,00/01/1900,deuda
77,10,modulo 5,sin descripcion,activo,100,00/01/1900,00/01/1900,deuda
78,10,modulo 6,sin descripcion,activo,100,00/01/1900,00/01/1900,deuda
79,10,modulo 7,sin descripcion,activo,100,00/01/1900,00/01/1900,deuda
80,10,modulo 8,sin descripcion,activo,100,00/01/1900,00/01/1900,deuda
81,11,modulo 1,sin descripcion,activo,100,00/01/1900,00/01/1900,deuda
82,11,modulo 2,sin descripcion,activo,100,00/01/1900,00/01/1900,deuda
83,11,modulo 3,sin descripcion,activo,100,00/01/1900,00/01/1900,deuda
84,11,modulo 4,sin descripcion,activo,100,00/01/1900,00/01/1900,deuda
85,11,modulo 5,sin descripcion,activo,100,00/01/1900,00/01/1900,deuda
86,11,modulo 6,sin descripcion,activo,100,00/01/1900,00/01/1900,deuda
87,11,modulo 7,sin descripcion,activo,100,00/01/1900,00/01/1900,deuda
88,11,modulo 8,sin descripcion,activo,100,00/01/1900,00/01/1900,deuda
89,12,modulo 1,sin descripcion,activo,100,00/01/1900,00/01/1900,deuda
90,12,modulo 2,sin descripcion,activo,100,00/01/1900,00/01/1900,deuda
91,12,modulo 3,sin descripcion,activo,100,00/01/1900,00/01/1900,deuda
92,12,modulo 4,sin descripcion,activo,100,00/01/1900,00/01/1900,deuda
93,12,modulo 5,sin descripcion,activo,100,00/01/1900,00/01/1900,deuda
94,12,modulo 6,sin descripcion,activo,100,00/01/1900,00/01/1900,deuda
95,12,modulo 7,sin descripcion,activo,100,00/01/1900,00/01/1900,deuda
96,12,modulo 8,sin descripcion,activo,100,00/01/1900,00/01/1900,deuda
97,13,modulo 1,sin descripcion,activo,100,00/01/1900,00/01/1900,deuda
98,13,modulo 2,sin descripcion,activo,100,00/01/1900,00/01/1900,deuda
99,13,modulo 3,sin descripcion,activo,100,00/01/1900,00/01/1900,deuda
100,13,modulo 4,sin descripcion,activo,100,00/01/1900,00/01/1900,deuda
101,13,modulo 5,sin descripcion,activo,100,00/01/1900,00/01/1900,deuda
102,13,modulo 6,sin descripcion,activo,100,00/01/1900,00/01/1900,deuda
103,13,modulo 7,sin descripcion,activo,100,00/01/1900,00/01/1900,deuda
104,13,modulo 8,sin descripcion,activo,100,00/01/1900,00/01/1900,deuda
105,14,modulo 1,sin descripcion,activo,100,00/01/1900,00/01/1900,deuda
106,14,modulo 2,sin descripcion,activo,100,00/01/1900,00/01/1900,deuda
107,14,modulo 3,sin descripcion,activo,100,00/01/1900,00/01/1900,deuda
108,14,modulo 4,sin descripcion,activo,100,00/01/1900,00/01/1900,deuda
109,14,modulo 5,sin descripcion,activo,100,00/01/1900,00/01/1900,deuda
110,14,modulo 6,sin descripcion,activo,100,00/01/1900,00/01/1900,deuda
111,14,modulo 7,sin descripcion,activo,100,00/01/1900,00/01/1900,deuda
112,14,modulo 8,sin descripcion,activo,100,00/01/1900,00/01/1900,deuda
113,15,modulo 1,sin descripcion,activo,100,00/01/1900,00/01/1900,deuda
114,15,modulo 2,sin descripcion,activo,100,00/01/1900,00/01/1900,deuda
115,15,modulo 3,sin descripcion,activo,100,00/01/1900,00/01/1900,deuda
116,15,modulo 4,sin descripcion,activo,100,00/01/1900,00/01/1900,deuda
117,15,modulo 5,sin descripcion,activo,100,00/01/1900,00/01/1900,deuda
118,15,modulo 6,sin descripcion,activo,100,00/01/1900,00/01/1900,deuda
119,15,modulo 7,sin descripcion,activo,100,00/01/1900,00/01/1900,deuda
120,15,modulo 8,sin descripcion,activo,100,00/01/1900,00/01/1900,deuda
121,16,modulo 1,sin descripcion,activo,100,00/01/1900,00/01/1900,deuda
122,16,modulo 2,sin descripcion,activo,100,00/01/1900,00/01/1900,deuda
123,16,modulo 3,sin descripcion,activo,100,00/01/1900,00/01/1900,deuda
124,16,modulo 4,sin descripcion,activo,100,00/01/1900,00/01/1900,deuda
125,16,modulo 5,sin descripcion,activo,100,00/01/1900,00/01/1900,deuda
126,16,modulo 6,sin descripcion,activo,100,00/01/1900,00/01/1900,deuda
127,16,modulo 7,sin descripcion,activo,100,00/01/1900,00/01/1900,deuda
128,16,modulo 8,sin descripcion,activo,100,00/01/1900,00/01/1900,deuda
129,17,modulo 1,sin descripcion,activo,100,00/01/1900,00/01/1900,deuda
130,17,modulo 2,sin descripcion,activo,100,00/01/1900,00/01/1900,deuda
131,17,modulo 3,sin descripcion,activo,100,00/01/1900,00/01/1900,deuda
132,17,modulo 4,sin descripcion,activo,100,00/01/1900,00/01/1900,deuda
133,17,modulo 5,sin descripcion,activo,100,00/01/1900,00/01/1900,deuda
134,17,modulo 6,sin descripcion,activo,100,00/01/1900,00/01/1900,deuda
135,17,modulo 7,sin descripcion,activo,100,00/01/1900,00/01/1900,deuda
136,17,modulo 8,sin descripcion,activo,100,00/01/1900,00/01/1900,deuda
137,18,modulo 1,sin descripcion,activo,100,00/01/1900,00/01/1900,deuda
138,18,modulo 2,sin descripcion,activo,100,00/01/1900,00/01/1900,deuda
139,18,modulo 3,sin descripcion,activo,100,00/01/1900,00/01/1900,deuda
140,18,modulo 4,sin descripcion,activo,100,00/01/1900,00/01/1900,deuda
141,18,modulo 5,sin descripcion,activo,100,00/01/1900,00/01/1900,deuda
142,18,modulo 6,sin descripcion,activo,100,00/01/1900,00/01/1900,deuda
143,18,modulo 7,sin descripcion,activo,100,00/01/1900,00/01/1900,deuda
144,18,modulo 8,sin descripcion,activo,100,00/01/1900,00/01/1900,deuda
145,19,modulo 1,sin descripcion,activo,100,00/01/1900,00/01/1900,deuda
146,19,modulo 2,sin descripcion,activo,100,00/01/1900,00/01/1900,deuda
147,19,modulo 3,sin descripcion,activo,100,00/01/1900,00/01/1900,deuda
148,19,modulo 4,sin descripcion,activo,100,00/01/1900,00/01/1900,deuda
149,19,modulo 5,sin descripcion,activo,100,00/01/1900,00/01/1900,deuda
150,19,modulo 6,sin descripcion,activo,100,00/01/1900,00/01/1900,deuda
151,19,modulo 7,sin descripcion,activo,100,00/01/1900,00/01/1900,deuda
152,19,modulo 8,sin descripcion,activo,100,00/01/1900,00/01/1900,deuda
153,20,modulo 1,sin descripcion,activo,100,00/01/1900,00/01/1900,deuda
154,20,modulo 2,sin descripcion,activo,100,00/01/1900,00/01/1900,deuda
155,20,modulo 3,sin descripcion,activo,100,00/01/1900,00/01/1900,deuda
156,20,modulo 4,sin descripcion,activo,100,00/01/1900,00/01/1900,deuda
157,20,modulo 5,sin descripcion,activo,100,00/01/1900,00/01/1900,deuda
158,20,modulo 6,sin descripcion,activo,100,00/01/1900,00/01/1900,deuda
159,20,modulo 7,sin descripcion,activo,100,00/01/1900,00/01/1900,deuda
160,20,modulo 8,sin descripcion,activo,100,00/01/1900,00/01/1900,deuda
161,21,modulo 1,sin descripcion,activo,100,00/01/1900,00/01/1900,deuda
162,21,modulo 2,sin descripcion,activo,100,00/01/1900,00/01/1900,deuda
163,21,modulo 3,sin descripcion,activo,100,00/01/1900,00/01/1900,deuda
164,21,modulo 4,sin descripcion,activo,100,00/01/1900,00/01/1900,deuda
165,21,modulo 5,sin descripcion,activo,100,00/01/1900,00/01/1900,deuda
166,21,modulo 6,sin descripcion,activo,100,00/01/1900,00/01/1900,deuda
167,21,modulo 7,sin descripcion,activo,100,00/01/1900,00/01/1900,deuda
168,21,modulo 8,sin descripcion,activo,100,00/01/1900,00/01/1900,deuda
169,22,modulo 1,sin descripcion,activo,100,00/01/1900,00/01/1900,deuda
170,22,modulo 2,sin descripcion,activo,100,00/01/1900,00/01/1900,deuda
171,22,modulo 3,sin descripcion,activo,100,00/01/1900,00/01/1900,deuda
172,22,modulo 4,sin descripcion,activo,100,00/01/1900,00/01/1900,deuda
173,22,modulo 5,sin descripcion,activo,100,00/01/1900,00/01/1900,deuda
174,22,modulo 6,sin descripcion,activo,100,00/01/1900,00/01/1900,deuda
175,22,modulo 7,sin descripcion,activo,100,00/01/1900,00/01/1900,deuda
176,22,modulo 8,sin descripcion,activo,100,00/01/1900,00/01/1900,deuda
177,23,modulo 1,sin descripcion,activo,100,00/01/1900,00/01/1900,deuda
178,23,modulo 2,sin descripcion,activo,100,00/01/1900,00/01/1900,deuda
179,23,modulo 3,sin descripcion,activo,100,00/01/1900,00/01/1900,deuda
180,23,modulo 4,sin descripcion,activo,100,00/01/1900,00/01/1900,deuda
181,23,modulo 5,sin descripcion,activo,100,00/01/1900,00/01/1900,deuda
182,23,modulo 6,sin descripcion,activo,100,00/01/1900,00/01/1900,deuda
183,23,modulo 7,sin descripcion,activo,100,00/01/1900,00/01/1900,deuda
184,23,modulo 8,sin descripcion,activo,100,00/01/1900,00/01/1900,deuda
185,24,modulo 1,sin descripcion,activo,100,00/01/1900,00/01/1900,deuda
186,24,modulo 2,sin descripcion,activo,100,00/01/1900,00/01/1900,deuda
187,24,modulo 3,sin descripcion,activo,100,00/01/1900,00/01/1900,deuda
188,24,modulo 4,sin descripcion,activo,100,00/01/1900,00/01/1900,deuda
189,24,modulo 5,sin descripcion,activo,100,00/01/1900,00/01/1900,deuda
190,24,modulo 6,sin descripcion,activo,100,00/01/1900,00/01/1900,deuda
191,24,modulo 7,sin descripcion,activo,100,00/01/1900,00/01/1900,deuda
192,24,modulo 8,sin descripcion,activo,100,00/01/1900,00/01/1900,deuda
193,25,modulo 1,sin descripcion,activo,100,00/01/1900,00/01/1900,deuda
194,25,modulo 2,sin descripcion,activo,100,00/01/1900,00/01/1900,deuda
195,25,modulo 3,sin descripcion,activo,100,00/01/1900,00/01/1900,deuda
196,25,modulo 4,sin descripcion,activo,100,00/01/1900,00/01/1900,deuda
197,25,modulo 5,sin descripcion,activo,100,00/01/1900,00/01/1900,deuda
198,25,modulo 6,sin descripcion,activo,100,00/01/1900,00/01/1900,deuda
199,25,modulo 7,sin descripcion,activo,100,00/01/1900,00/01/1900,deuda
200,25,modulo 8,sin descripcion,activo,100,00/01/1900,00/01/1900,deuda
201,26,modulo 1,sin descripcion,activo,100,00/01/1900,00/01/1900,deuda
202,26,modulo 2,sin descripcion,activo,100,00/01/1900,00/01/1900,deuda
203,26,modulo 3,sin descripcion,activo,100,00/01/1900,00/01/1900,deuda
204,26,modulo 4,sin descripcion,activo,100,00/01/1900,00/01/1900,deuda
205,26,modulo 5,sin descripcion,activo,100,00/01/1900,00/01/1900,deuda
206,26,modulo 6,sin descripcion,activo,100,00/01/1900,00/01/1900,deuda
207,26,modulo 7,sin descripcion,activo,100,00/01/1900,00/01/1900,deuda
208,26,modulo 8,sin descripcion,activo,100,00/01/1900,00/01/1900,deuda
209,27,modulo 1,sin descripcion,activo,100,00/01/1900,00/01/1900,deuda
210,27,modulo 2,sin descripcion,activo,100,00/01/1900,00/01/1900,deuda
211,27,modulo 3,sin descripcion,activo,100,00/01/1900,00/01/1900,deuda
212,27,modulo 4,sin descripcion,activo,100,00/01/1900,00/01/1900,deuda
213,27,modulo 5,sin descripcion,activo,100,00/01/1900,00/01/1900,deuda
214,27,modulo 6,sin descripcion,activo,100,00/01/1900,00/01/1900,deuda
215,27,modulo 7,sin descripcion,activo,100,00/01/1900,00/01/1900,deuda
216,27,modulo 8,sin descripcion,activo,100,00/01/1900,00/01/1900,deuda
217,28,modulo 1,sin descripcion,activo,100,00/01/1900,00/01/1900,deuda
218,28,modulo 2,sin descripcion,activo,100,00/01/1900,00/01/1900,deuda
219,28,modulo 3,sin descripcion,activo,100,00/01/1900,00/01/1900,deuda
220,28,modulo 4,sin descripcion,activo,100,00/01/1900,00/01/1900,deuda
221,28,modulo 5,sin descripcion,activo,100,00/01/1900,00/01/1900,deuda
222,28,modulo 6,sin descripcion,activo,100,00/01/1900,00/01/1900,deuda
223,28,modulo 7,sin descripcion,activo,100,00/01/1900,00/01/1900,deuda
224,28,modulo 8,sin descripcion,activo,100,00/01/1900,00/01/1900,deuda
225,29,modulo 1,sin descripcion,activo,100,00/01/1900,00/01/1900,deuda
226,29,modulo 2,sin descripcion,activo,100,00/01/1900,00/01/1900,deuda
227,29,modulo 3,sin descripcion,activo,100,00/01/1900,00/01/1900,deuda
228,29,modulo 4,sin descripcion,activo,100,00/01/1900,00/01/1900,deuda
229,29,modulo 5,sin descripcion,activo,100,00/01/1900,00/01/1900,deuda
230,29,modulo 6,sin descripcion,activo,100,00/01/1900,00/01/1900,deuda
231,29,modulo 7,sin descripcion,activo,100,00/01/1900,00/01/1900,deuda
232,29,modulo 8,sin descripcion,activo,100,00/01/1900,00/01/1900,deuda
233,30,modulo 1,sin descripcion,activo,100,00/01/1900,00/01/1900,deuda
234,30,modulo 2,sin descripcion,activo,100,00/01/1900,00/01/1900,deuda
235,30,modulo 3,sin descripcion,activo,100,00/01/1900,00/01/1900,deuda
236,30,modulo 4,sin descripcion,activo,100,00/01/1900,00/01/1900,deuda
237,30,modulo 5,sin descripcion,activo,100,00/01/1900,00/01/1900,deuda
238,30,modulo 6,sin descripcion,activo,100,00/01/1900,00/01/1900,deuda
239,30,modulo 7,sin descripcion,activo,100,00/01/1900,00/01/1900,deuda
240,30,modulo 8,sin descripcion,activo,100,00/01/1900,00/01/1900,deuda
241,31,modulo 1,sin descripcion,activo,100,00/01/1900,00/01/1900,deuda
242,31,modulo 2,sin descripcion,activo,100,00/01/1900,00/01/1900,deuda
243,31,modulo 3,sin descripcion,activo,100,00/01/1900,00/01/1900,deuda
244,31,modulo 4,sin descripcion,activo,100,00/01/1900,00/01/1900,deuda
245,31,modulo 5,sin descripcion,activo,100,00/01/1900,00/01/1900,deuda
246,31,modulo 6,sin descripcion,activo,100,00/01/1900,00/01/1900,deuda
247,31,modulo 7,sin descripcion,activo,100,00/01/1900,00/01/1900,deuda
248,31,modulo 8,sin descripcion,activo,100,00/01/1900,00/01/1900,deuda
249,32,modulo 1,sin descripcion,activo,100,00/01/1900,00/01/1900,deuda
250,32,modulo 2,sin descripcion,activo,100,00/01/1900,00/01/1900,deuda
251,32,modulo 3,sin descripcion,activo,100,00/01/1900,00/01/1900,deuda
252,32,modulo 4,sin descripcion,activo,100,00/01/1900,00/01/1900,deuda
253,32,modulo 5,sin descripcion,activo,100,00/01/1900,00/01/1900,deuda
254,32,modulo 6,sin descripcion,activo,100,00/01/1900,00/01/1900,deuda
255,32,modulo 7,sin descripcion,activo,100,00/01/1900,00/01/1900,deuda
256,32,modulo 8,sin descripcion,activo,100,00/01/1900,00/01/1900,deuda
257,33,modulo 1,sin descripcion,activo,100,00/01/1900,00/01/1900,deuda
258,33,modulo 2,sin descripcion,activo,100,00/01/1900,00/01/1900,deuda
259,33,modulo 3,sin descripcion,activo,100,00/01/1900,00/01/1900,deuda
260,33,modulo 4,sin descripcion,activo,100,00/01/1900,00/01/1900,deuda
261,33,modulo 5,sin descripcion,activo,100,00/01/1900,00/01/1900,deuda
262,33,modulo 6,sin descripcion,activo,100,00/01/1900,00/01/1900,deuda
263,33,modulo 7,sin descripcion,activo,100,00/01/1900,00/01/1900,deuda
264,33,modulo 8,sin descripcion,activo,100,00/01/1900,00/01/1900,deuda
265,34,modulo 1,sin descripcion,activo,100,00/01/1900,00/01/1900,deuda
266,34,modulo 2,sin descripcion,activo,100,00/01/1900,00/01/1900,deuda
267,34,modulo 3,sin descripcion,activo,100,00/01/1900,00/01/1900,deuda
268,34,modulo 4,sin descripcion,activo,100,00/01/1900,00/01/1900,deuda
269,34,modulo 5,sin descripcion,activo,100,00/01/1900,00/01/1900,deuda
270,34,modulo 6,sin descripcion,activo,100,00/01/1900,00/01/1900,deuda
271,34,modulo 7,sin descripcion,activo,100,00/01/1900,00/01/1900,deuda
272,34,modulo 8,sin descripcion,activo,100,00/01/1900,00/01/1900,deuda
273,35,modulo 1,sin descripcion,activo,100,00/01/1900,00/01/1900,deuda
274,35,modulo 2,sin descripcion,activo,100,00/01/1900,00/01/1900,deuda
275,35,modulo 3,sin descripcion,activo,100,00/01/1900,00/01/1900,deuda
276,35,modulo 4,sin descripcion,activo,100,00/01/1900,00/01/1900,deuda
277,35,modulo 5,sin descripcion,activo,100,00/01/1900,00/01/1900,deuda
278,35,modulo 6,sin descripcion,activo,100,00/01/1900,00/01/1900,deuda
279,35,modulo 7,sin descripcion,activo,100,00/01/1900,00/01/1900,deuda
280,35,modulo 8,sin descripcion,activo,100,00/01/1900,00/01/1900,deuda
281,36,modulo 1,sin descripcion,activo,100,00/01/1900,00/01/1900,deuda
282,36,modulo 2,sin descripcion,activo,100,00/01/1900,00/01/1900,deuda
283,36,modulo 3,sin descripcion,activo,100,00/01/1900,00/01/1900,deuda
284,36,modulo 4,sin descripcion,activo,100,00/01/1900,00/01/1900,deuda
285,36,modulo 5,sin descripcion,activo,100,00/01/1900,00/01/1900,deuda
286,36,modulo 6,sin descripcion,activo,100,00/01/1900,00/01/1900,deuda
287,36,modulo 7,sin descripcion,activo,100,00/01/1900,00/01/1900,deuda
288,36,modulo 8,sin descripcion,activo,100,00/01/1900,00/01/1900,deuda
289,37,modulo 1,sin descripcion,activo,100,00/01/1900,00/01/1900,deuda
290,37,modulo 2,sin descripcion,activo,100,00/01/1900,00/01/1900,deuda
291,37,modulo 3,sin descripcion,activo,100,00/01/1900,00/01/1900,deuda
292,37,modulo 4,sin descripcion,activo,100,00/01/1900,00/01/1900,deuda
293,37,modulo 5,sin descripcion,activo,100,00/01/1900,00/01/1900,deuda
294,37,modulo 6,sin descripcion,activo,100,00/01/1900,00/01/1900,deuda
295,37,modulo 7,sin descripcion,activo,100,00/01/1900,00/01/1900,deuda
296,37,modulo 8,sin descripcion,activo,100,00/01/1900,00/01/1900,deuda
297,38,modulo 1,sin descripcion,activo,100,00/01/1900,00/01/1900,deuda
298,38,modulo 2,sin descripcion,activo,100,00/01/1900,00/01/1900,deuda
299,38,modulo 3,sin descripcion,activo,100,00/01/1900,00/01/1900,deuda
300,38,modulo 4,sin descripcion,activo,100,00/01/1900,00/01/1900,deuda
301,38,modulo 5,sin descripcion,activo,100,00/01/1900,00/01/1900,deuda
302,38,modulo 6,sin descripcion,activo,100,00/01/1900,00/01/1900,deuda
303,38,modulo 7,sin descripcion,activo,100,00/01/1900,00/01/1900,deuda
304,38,modulo 8,sin descripcion,activo,100,00/01/1900,00/01/1900,deuda
305,39,modulo 1,sin descripcion,activo,100,00/01/1900,00/01/1900,deuda
306,39,modulo 2,sin descripcion,activo,100,00/01/1900,00/01/1900,deuda
307,39,modulo 3,sin descripcion,activo,100,00/01/1900,00/01/1900,deuda
308,39,modulo 4,sin descripcion,activo,100,00/01/1900,00/01/1900,deuda
309,39,modulo 5,sin descripcion,activo,100,00/01/1900,00/01/1900,deuda
310,39,modulo 6,sin descripcion,activo,100,00/01/1900,00/01/1900,deuda
311,39,modulo 7,sin descripcion,activo,100,00/01/1900,00/01/1900,deuda
312,39,modulo 8,sin descripcion,activo,100,00/01/1900,00/01/1900,deuda
313,40,modulo 1,sin descripcion,activo,100,00/01/1900,00/01/1900,deuda
314,40,modulo 2,sin descripcion,activo,100,00/01/1900,00/01/1900,deuda
315,40,modulo 3,sin descripcion,activo,100,00/01/1900,00/01/1900,deuda
316,40,modulo 4,sin descripcion,activo,100,00/01/1900,00/01/1900,deuda
317,40,modulo 5,sin descripcion,activo,100,00/01/1900,00/01/1900,deuda
318,40,modulo 6,sin descripcion,activo,100,00/01/1900,00/01/1900,deuda
319,40,modulo 7,sin descripcion,activo,100,00/01/1900,00/01/1900,deuda
320,40,modulo 8,sin descripcion,activo,100,00/01/1900,00/01/1900,deuda
321,41,modulo 1,sin descripcion,activo,100,00/01/1900,00/01/1900,deuda
322,41,modulo 2,sin descripcion,activo,100,00/01/1900,00/01/1900,deuda
323,41,modulo 3,sin descripcion,activo,100,00/01/1900,00/01/1900,deuda
324,41,modulo 4,sin descripcion,activo,100,00/01/1900,00/01/1900,deuda
325,41,modulo 5,sin descripcion,activo,100,00/01/1900,00/01/1900,deuda
326,41,modulo 6,sin descripcion,activo,100,00/01/1900,00/01/1900,deuda
327,41,modulo 7,sin descripcion,activo,100,00/01/1900,00/01/1900,deuda
328,41,modulo 8,sin descripcion,activo,100,00/01/1900,00/01/1900,deuda
329,42,modulo 1,sin descripcion,activo,100,00/01/1900,00/01/1900,deuda
330,42,modulo 2,sin descripcion,activo,100,00/01/1900,00/01/1900,deuda
331,42,modulo 3,sin descripcion,activo,100,00/01/1900,00/01/1900,deuda
332,42,modulo 4,sin descripcion,activo,100,00/01/1900,00/01/1900,deuda
333,42,modulo 5,sin descripcion,activo,100,00/01/1900,00/01/1900,deuda
334,42,modulo 6,sin descripcion,activo,100,00/01/1900,00/01/1900,deuda
335,42,modulo 7,sin descripcion,activo,100,00/01/1900,00/01/1900,deuda
336,42,modulo 8,sin descripcion,activo,100,00/01/1900,00/01/1900,deuda
337,43,modulo 1,sin descripcion,activo,100,00/01/1900,00/01/1900,deuda
338,43,modulo 2,sin descripcion,activo,100,00/01/1900,00/01/1900,deuda
339,43,modulo 3,sin descripcion,activo,100,00/01/1900,00/01/1900,deuda
340,43,modulo 4,sin descripcion,activo,100,00/01/1900,00/01/1900,deuda
341,43,modulo 5,sin descripcion,activo,100,00/01/1900,00/01/1900,deuda
342,43,modulo 6,sin descripcion,activo,100,00/01/1900,00/01/1900,deuda
343,43,modulo 7,sin descripcion,activo,100,00/01/1900,00/01/1900,deuda
344,43,modulo 8,sin descripcion,activo,100,00/01/1900,00/01/1900,deuda
345,44,modulo 1,sin descripcion,activo,100,00/01/1900,00/01/1900,deuda
346,44,modulo 2,sin descripcion,activo,100,00/01/1900,00/01/1900,deuda
347,44,modulo 3,sin descripcion,activo,100,00/01/1900,00/01/1900,deuda
348,44,modulo 4,sin descripcion,activo,100,00/01/1900,00/01/1900,deuda
349,44,modulo 5,sin descripcion,activo,100,00/01/1900,00/01/1900,deuda
350,44,modulo 6,sin descripcion,activo,100,00/01/1900,00/01/1900,deuda
351,44,modulo 7,sin descripcion,activo,100,00/01/1900,00/01/1900,deuda
352,44,modulo 8,sin descripcion,activo,100,00/01/1900,00/01/1900,deuda
353,45,modulo 1,sin descripcion,activo,100,00/01/1900,00/01/1900,deuda
354,45,modulo 2,sin descripcion,activo,100,00/01/1900,00/01/1900,deuda
355,45,modulo 3,sin descripcion,activo,100,00/01/1900,00/01/1900,deuda
356,45,modulo 4,sin descripcion,activo,100,00/01/1900,00/01/1900,deuda
357,45,modulo 5,sin descripcion,activo,100,00/01/1900,00/01/1900,deuda
358,45,modulo 6,sin descripcion,activo,100,00/01/1900,00/01/1900,deuda
359,45,modulo 7,sin descripcion,activo,100,00/01/1900,00/01/1900,deuda
360,45,modulo 8,sin descripcion,activo,100,00/01/1900,00/01/1900,deuda
361,46,modulo 1,sin descripcion,activo,100,00/01/1900,00/01/1900,deuda
362,46,modulo 2,sin descripcion,activo,100,00/01/1900,00/01/1900,deuda
363,46,modulo 3,sin descripcion,activo,100,00/01/1900,00/01/1900,deuda
364,46,modulo 4,sin descripcion,activo,100,00/01/1900,00/01/1900,deuda
365,46,modulo 5,sin descripcion,activo,100,00/01/1900,00/01/1900,deuda
366,46,modulo 6,sin descripcion,activo,100,00/01/1900,00/01/1900,deuda
367,46,modulo 7,sin descripcion,activo,100,00/01/1900,00/01/1900,deuda
368,46,modulo 8,sin descripcion,activo,100,00/01/1900,00/01/1900,deuda
369,47,modulo 1,sin descripcion,activo,100,00/01/1900,00/01/1900,deuda
370,47,modulo 2,sin descripcion,activo,100,00/01/1900,00/01/1900,deuda
371,47,modulo 3,sin descripcion,activo,100,00/01/1900,00/01/1900,deuda
372,47,modulo 4,sin descripcion,activo,100,00/01/1900,00/01/1900,deuda
373,47,modulo 5,sin descripcion,activo,100,00/01/1900,00/01/1900,deuda
374,47,modulo 6,sin descripcion,activo,100,00/01/1900,00/01/1900,deuda
375,47,modulo 7,sin descripcion,activo,100,00/01/1900,00/01/1900,deuda
376,47,modulo 8,sin descripcion,activo,100,00/01/1900,00/01/1900,deuda
377,48,modulo 1,sin descripcion,activo,100,00/01/1900,00/01/1900,deuda
378,48,modulo 2,sin descripcion,activo,100,00/01/1900,00/01/1900,deuda
379,48,modulo 3,sin descripcion,activo,100,00/01/1900,00/01/1900,deuda
380,48,modulo 4,sin descripcion,activo,100,00/01/1900,00/01/1900,deuda
381,48,modulo 5,sin descripcion,activo,100,00/01/1900,00/01/1900,deuda
382,48,modulo 6,sin descripcion,activo,100,00/01/1900,00/01/1900,deuda
383,48,modulo 7,sin descripcion,activo,100,00/01/1900,00/01/1900,deuda
384,48,modulo 8,sin descripcion,activo,100,00/01/1900,00/01/1900,deuda
385,49,modulo 1,sin descripcion,activo,100,00/01/1900,00/01/1900,deuda
386,49,modulo 2,sin descripcion,activo,100,00/01/1900,00/01/1900,deuda
387,49,modulo 3,sin descripcion,activo,100,00/01/1900,00/01/1900,deuda
388,49,modulo 4,sin descripcion,activo,100,00/01/1900,00/01/1900,deuda
389,49,modulo 5,sin descripcion,activo,100,00/01/1900,00/01/1900,deuda
390,49,modulo 6,sin descripcion,activo,100,00/01/1900,00/01/1900,deuda
391,49,modulo 7,sin descripcion,activo,100,00/01/1900,00/01/1900,deuda
392,49,modulo 8,sin descripcion,activo,100,00/01/1900,00/01/1900,deuda
393,50,modulo 1,sin descripcion,activo,100,00/01/1900,00/01/1900,deuda
394,50,modulo 2,sin descripcion,activo,100,00/01/1900,00/01/1900,deuda
395,50,modulo 3,sin descripcion,activo,100,00/01/1900,00/01/1900,deuda
396,50,modulo 4,sin descripcion,activo,100,00/01/1900,00/01/1900,deuda
397,50,modulo 5,sin descripcion,activo,100,00/01/1900,00/01/1900,deuda
398,50,modulo 6,sin descripcion,activo,100,00/01/1900,00/01/1900,deuda
399,50,modulo 7,sin descripcion,activo,100,00/01/1900,00/01/1900,deuda
400,50,modulo 8,sin descripcion,activo,100,00/01/1900,00/01/1900,deuda
401,51,modulo 1,sin descripcion,activo,100,00/01/1900,00/01/1900,deuda
402,51,modulo 2,sin descripcion,activo,100,00/01/1900,00/01/1900,deuda
403,51,modulo 3,sin descripcion,activo,100,00/01/1900,00/01/1900,deuda
404,51,modulo 4,sin descripcion,activo,100,00/01/1900,00/01/1900,deuda
405,51,modulo 5,sin descripcion,activo,100,00/01/1900,00/01/1900,deuda
406,51,modulo 6,sin descripcion,activo,100,00/01/1900,00/01/1900,deuda
407,51,modulo 7,sin descripcion,activo,100,00/01/1900,00/01/1900,deuda
408,51,modulo 8,sin descripcion,activo,100,00/01/1900,00/01/1900,deuda
409,52,modulo 1,sin descripcion,activo,100,00/01/1900,00/01/1900,deuda
410,52,modulo 2,sin descripcion,activo,100,00/01/1900,00/01/1900,deuda
411,52,modulo 3,sin descripcion,activo,100,00/01/1900,00/01/1900,deuda
412,52,modulo 4,sin descripcion,activo,100,00/01/1900,00/01/1900,deuda
413,52,modulo 5,sin descripcion,activo,100,00/01/1900,00/01/1900,deuda
414,52,modulo 6,sin descripcion,activo,100,00/01/1900,00/01/1900,deuda
415,52,modulo 7,sin descripcion,activo,100,00/01/1900,00/01/1900,deuda
416,52,modulo 8,sin descripcion,activo,100,00/01/1900,00/01/1900,deuda
417,53,modulo 1,sin descripcion,activo,100,00/01/1900,00/01/1900,deuda
418,53,modulo 2,sin descripcion,activo,100,00/01/1900,00/01/1900,deuda
419,53,modulo 3,sin descripcion,activo,100,00/01/1900,00/01/1900,deuda
420,53,modulo 4,sin descripcion,activo,100,00/01/1900,00/01/1900,deuda
421,53,modulo 5,sin descripcion,activo,100,00/01/1900,00/01/1900,deuda
422,53,modulo 6,sin descripcion,activo,100,00/01/1900,00/01/1900,deuda
423,53,modulo 7,sin descripcion,activo,100,00/01/1900,00/01/1900,deuda
424,53,modulo 8,sin descripcion,activo,100,00/01/1900,00/01/1900,deuda
425,54,modulo 1,sin descripcion,activo,100,00/01/1900,00/01/1900,deuda
426,54,modulo 2,sin descripcion,activo,100,00/01/1900,00/01/1900,deuda
427,54,modulo 3,sin descripcion,activo,100,00/01/1900,00/01/1900,deuda
428,54,modulo 4,sin descripcion,activo,100,00/01/1900,00/01/1900,deuda
429,54,modulo 5,sin descripcion,activo,100,00/01/1900,00/01/1900,deuda
430,54,modulo 6,sin descripcion,activo,100,00/01/1900,00/01/1900,deuda
431,54,modulo 7,sin descripcion,activo,100,00/01/1900,00/01/1900,deuda
432,54,modulo 8,sin descripcion,activo,100,00/01/1900,00/01/1900,deuda
433,55,modulo 1,sin descripcion,activo,100,00/01/1900,00/01/1900,deuda
434,55,modulo 2,sin descripcion,activo,100,00/01/1900,00/01/1900,deuda
435,55,modulo 3,sin descripcion,activo,100,00/01/1900,00/01/1900,deuda
436,55,modulo 4,sin descripcion,activo,100,00/01/1900,00/01/1900,deuda
437,55,modulo 5,sin descripcion,activo,100,00/01/1900,00/01/1900,deuda
438,55,modulo 6,sin descripcion,activo,100,00/01/1900,00/01/1900,deuda
439,55,modulo 7,sin descripcion,activo,100,00/01/1900,00/01/1900,deuda
440,55,modulo 8,sin descripcion,activo,100,00/01/1900,00/01/1900,deuda
441,56,modulo 1,sin descripcion,activo,100,00/01/1900,00/01/1900,deuda
442,56,modulo 2,sin descripcion,activo,100,00/01/1900,00/01/1900,deuda
443,56,modulo 3,sin descripcion,activo,100,00/01/1900,00/01/1900,deuda
444,56,modulo 4,sin descripcion,activo,100,00/01/1900,00/01/1900,deuda
445,56,modulo 5,sin descripcion,activo,100,00/01/1900,00/01/1900,deuda
446,56,modulo 6,sin descripcion,activo,100,00/01/1900,00/01/1900,deuda
447,56,modulo 7,sin descripcion,activo,100,00/01/1900,00/01/1900,deuda
448,56,modulo 8,sin descripcion,activo,100,00/01/1900,00/01/1900,deuda
449,57,modulo 1,sin descripcion,activo,100,00/01/1900,00/01/1900,deuda
450,57,modulo 2,sin descripcion,activo,100,00/01/1900,00/01/1900,deuda
451,57,modulo 3,sin descripcion,activo,100,00/01/1900,00/01/1900,deuda
452,57,modulo 4,sin descripcion,activo,100,00/01/1900,00/01/1900,deuda
453,57,modulo 5,sin descripcion,activo,100,00/01/1900,00/01/1900,deuda
454,57,modulo 6,sin descripcion,activo,100,00/01/1900,00/01/1900,deuda
455,57,modulo 7,sin descripcion,activo,100,00/01/1900,00/01/1900,deuda
456,57,modulo 8,sin descripcion,activo,100,00/01/1900,00/01/1900,deuda
457,58,modulo 1,sin descripcion,activo,100,00/01/1900,00/01/1900,deuda
458,58,modulo 2,sin descripcion,activo,100,00/01/1900,00/01/1900,deuda
459,58,modulo 3,sin descripcion,activo,100,00/01/1900,00/01/1900,deuda
460,58,modulo 4,sin descripcion,activo,100,00/01/1900,00/01/1900,deuda
461,58,modulo 5,sin descripcion,activo,100,00/01/1900,00/01/1900,deuda
462,58,modulo 6,sin descripcion,activo,100,00/01/1900,00/01/1900,deuda
463,58,modulo 7,sin descripcion,activo,100,00/01/1900,00/01/1900,deuda
464,58,modulo 8,sin descripcion,activo,100,00/01/1900,00/01/1900,deuda
465,59,modulo 1,sin descripcion,activo,100,00/01/1900,00/01/1900,deuda
466,59,modulo 2,sin descripcion,activo,100,00/01/1900,00/01/1900,deuda
467,59,modulo 3,sin descripcion,activo,100,00/01/1900,00/01/1900,deuda
468,59,modulo 4,sin descripcion,activo,100,00/01/1900,00/01/1900,deuda
469,59,modulo 5,sin descripcion,activo,100,00/01/1900,00/01/1900,deuda
470,59,modulo 6,sin descripcion,activo,100,00/01/1900,00/01/1900,deuda
471,59,modulo 7,sin descripcion,activo,100,00/01/1900,00/01/1900,deuda
472,59,modulo 8,sin descripcion,activo,100,00/01/1900,00/01/1900,deuda
473,60,modulo 1,sin descripcion,activo,100,00/01/1900,00/01/1900,deuda
474,60,modulo 2,sin descripcion,activo,100,00/01/1900,00/01/1900,deuda
475,60,modulo 3,sin descripcion,activo,100,00/01/1900,00/01/1900,deuda
476,60,modulo 4,sin descripcion,activo,100,00/01/1900,00/01/1900,deuda
477,60,modulo 5,sin descripcion,activo,100,00/01/1900,00/01/1900,deuda
478,60,modulo 6,sin descripcion,activo,100,00/01/1900,00/01/1900,deuda
479,60,modulo 7,sin descripcion,activo,100,00/01/1900,00/01/1900,deuda
480,60,modulo 8,sin descripcion,activo,100,00/01/1900,00/01/1900,deuda
481,61,modulo 1,sin descripcion,activo,100,00/01/1900,00/01/1900,deuda
482,61,modulo 2,sin descripcion,activo,100,00/01/1900,00/01/1900,deuda
483,61,modulo 3,sin descripcion,activo,100,00/01/1900,00/01/1900,deuda
484,61,modulo 4,sin descripcion,activo,100,00/01/1900,00/01/1900,deuda
485,61,modulo 5,sin descripcion,activo,100,00/01/1900,00/01/1900,deuda
486,61,modulo 6,sin descripcion,activo,100,00/01/1900,00/01/1900,deuda
487,61,modulo 7,sin descripcion,activo,100,00/01/1900,00/01/1900,deuda
488,61,modulo 8,sin descripcion,activo,100,00/01/1900,00/01/1900,deuda
489,62,modulo 1,sin descripcion,activo,100,00/01/1900,00/01/1900,deuda
490,62,modulo 2,sin descripcion,activo,100,00/01/1900,00/01/1900,deuda
491,62,modulo 3,sin descripcion,activo,100,00/01/1900,00/01/1900,deuda
492,62,modulo 4,sin descripcion,activo,100,00/01/1900,00/01/1900,deuda
493,62,modulo 5,sin descripcion,activo,100,00/01/1900,00/01/1900,deuda
494,62,modulo 6,sin descripcion,activo,100,00/01/1900,00/01/1900,deuda
495,62,modulo 7,sin descripcion,activo,100,00/01/1900,00/01/1900,deuda
496,62,modulo 8,sin descripcion,activo,100,00/01/1900,00/01/1900,deuda
497,63,modulo 1,sin descripcion,activo,100,00/01/1900,00/01/1900,deuda
498,63,modulo 2,sin descripcion,activo,100,00/01/1900,00/01/1900,deuda
499,63,modulo 3,sin descripcion,activo,100,00/01/1900,00/01/1900,deuda
500,63,modulo 4,sin descripcion,activo,100,00/01/1900,00/01/1900,deuda
501,63,modulo 5,sin descripcion,activo,100,00/01/1900,00/01/1900,deuda
502,63,modulo 6,sin descripcion,activo,100,00/01/1900,00/01/1900,deuda
503,63,modulo 7,sin descripcion,activo,100,00/01/1900,00/01/1900,deuda
504,63,modulo 8,sin descripcion,activo,100,00/01/1900,00/01/1900,deuda
505,64,modulo 1,sin descripcion,activo,100,00/01/1900,00/01/1900,deuda
506,64,modulo 2,sin descripcion,activo,100,00/01/1900,00/01/1900,deuda
507,64,modulo 3,sin descripcion,activo,100,00/01/1900,00/01/1900,deuda
508,64,modulo 4,sin descripcion,activo,100,00/01/1900,00/01/1900,deuda
509,64,modulo 5,sin descripcion,activo,100,00/01/1900,00/01/1900,deuda
510,64,modulo 6,sin descripcion,activo,100,00/01/1900,00/01/1900,deuda
511,64,modulo 7,sin descripcion,activo,100,00/01/1900,00/01/1900,deuda
512,64,modulo 8,sin descripcion,activo,100,00/01/1900,00/01/1900,deuda
513,65,modulo 1,sin descripcion,activo,100,00/01/1900,00/01/1900,deuda
514,65,modulo 2,sin descripcion,activo,100,00/01/1900,00/01/1900,deuda
515,65,modulo 3,sin descripcion,activo,100,00/01/1900,00/01/1900,deuda
516,65,modulo 4,sin descripcion,activo,100,00/01/1900,00/01/1900,deuda
517,65,modulo 5,sin descripcion,activo,100,00/01/1900,00/01/1900,deuda
518,65,modulo 6,sin descripcion,activo,100,00/01/1900,00/01/1900,deuda
519,65,modulo 7,sin descripcion,activo,100,00/01/1900,00/01/1900,deuda
520,65,modulo 8,sin descripcion,activo,100,00/01/1900,00/01/1900,deuda
521,66,modulo 1,sin descripcion,activo,100,00/01/1900,00/01/1900,deuda
522,66,modulo 2,sin descripcion,activo,100,00/01/1900,00/01/1900,deuda
523,66,modulo 3,sin descripcion,activo,100,00/01/1900,00/01/1900,deuda
524,66,modulo 4,sin descripcion,activo,100,00/01/1900,00/01/1900,deuda
525,66,modulo 5,sin descripcion,activo,100,00/01/1900,00/01/1900,deuda
526,66,modulo 6,sin descripcion,activo,100,00/01/1900,00/01/1900,deuda
527,66,modulo 7,sin descripcion,activo,100,00/01/1900,00/01/1900,deuda
528,66,modulo 8,sin descripcion,activo,100,00/01/1900,00/01/1900,deuda
529,67,modulo 1,sin descripcion,activo,100,00/01/1900,00/01/1900,deuda
530,67,modulo 2,sin descripcion,activo,100,00/01/1900,00/01/1900,deuda
531,67,modulo 3,sin descripcion,activo,100,00/01/1900,00/01/1900,deuda
532,67,modulo 4,sin descripcion,activo,100,00/01/1900,00/01/1900,deuda
533,67,modulo 5,sin descripcion,activo,100,00/01/1900,00/01/1900,deuda
534,67,modulo 6,sin descripcion,activo,100,00/01/1900,00/01/1900,deuda
535,67,modulo 7,sin descripcion,activo,100,00/01/1900,00/01/1900,deuda
536,67,modulo 8,sin descripcion,activo,100,00/01/1900,00/01/1900,deuda
537,68,modulo 1,sin descripcion,activo,100,00/01/1900,00/01/1900,deuda
538,68,modulo 2,sin descripcion,activo,100,00/01/1900,00/01/1900,deuda
539,68,modulo 3,sin descripcion,activo,100,00/01/1900,00/01/1900,deuda
540,68,modulo 4,sin descripcion,activo,100,00/01/1900,00/01/1900,deuda
541,68,modulo 5,sin descripcion,activo,100,00/01/1900,00/01/1900,deuda
542,68,modulo 6,sin descripcion,activo,100,00/01/1900,00/01/1900,deuda
543,68,modulo 7,sin descripcion,activo,100,00/01/1900,00/01/1900,deuda
544,68,modulo 8,sin descripcion,activo,100,00/01/1900,00/01/1900,deuda
545,69,modulo 1,sin descripcion,activo,100,00/01/1900,00/01/1900,deuda
546,69,modulo 2,sin descripcion,activo,100,00/01/1900,00/01/1900,deuda
547,69,modulo 3,sin descripcion,activo,100,00/01/1900,00/01/1900,deuda
548,69,modulo 4,sin descripcion,activo,100,00/01/1900,00/01/1900,deuda
549,69,modulo 5,sin descripcion,activo,100,00/01/1900,00/01/1900,deuda
550,69,modulo 6,sin descripcion,activo,100,00/01/1900,00/01/1900,deuda
551,69,modulo 7,sin descripcion,activo,100,00/01/1900,00/01/1900,deuda
552,69,modulo 8,sin descripcion,activo,100,00/01/1900,00/01/1900,deuda
553,70,modulo 1,sin descripcion,activo,100,00/01/1900,00/01/1900,deuda
554,70,modulo 2,sin descripcion,activo,100,00/01/1900,00/01/1900,deuda
555,70,modulo 3,sin descripcion,activo,100,00/01/1900,00/01/1900,deuda
556,70,modulo 4,sin descripcion,activo,100,00/01/1900,00/01/1900,deuda
557,70,modulo 5,sin descripcion,activo,100,00/01/1900,00/01/1900,deuda
558,70,modulo 6,sin descripcion,activo,100,00/01/1900,00/01/1900,deuda
559,70,modulo 7,sin descripcion,activo,100,00/01/1900,00/01/1900,deuda
560,70,modulo 8,sin descripcion,activo,100,00/01/1900,00/01/1900,deuda
561,71,modulo 1,sin descripcion,activo,100,00/01/1900,00/01/1900,deuda
562,71,modulo 2,sin descripcion,activo,100,00/01/1900,00/01/1900,deuda
563,71,modulo 3,sin descripcion,activo,100,00/01/1900,00/01/1900,deuda
564,71,modulo 4,sin descripcion,activo,100,00/01/1900,00/01/1900,deuda
565,71,modulo 5,sin descripcion,activo,100,00/01/1900,00/01/1900,deuda
566,71,modulo 6,sin descripcion,activo,100,00/01/1900,00/01/1900,deuda
567,71,modulo 7,sin descripcion,activo,100,00/01/1900,00/01/1900,deuda
568,71,modulo 8,sin descripcion,activo,100,00/01/1900,00/01/1900,deuda
569,72,modulo 1,sin descripcion,activo,100,00/01/1900,00/01/1900,deuda
570,72,modulo 2,sin descripcion,activo,100,00/01/1900,00/01/1900,deuda
571,72,modulo 3,sin descripcion,activo,100,00/01/1900,00/01/1900,deuda
572,72,modulo 4,sin descripcion,activo,100,00/01/1900,00/01/1900,deuda
573,72,modulo 5,sin descripcion,activo,100,00/01/1900,00/01/1900,deuda
574,72,modulo 6,sin descripcion,activo,100,00/01/1900,00/01/1900,deuda
575,72,modulo 7,sin descripcion,activo,100,00/01/1900,00/01/1900,deuda
576,72,modulo 8,sin descripcion,activo,100,00/01/1900,00/01/1900,deuda
577,73,modulo 1,sin descripcion,activo,100,00/01/1900,00/01/1900,deuda
578,73,modulo 2,sin descripcion,activo,100,00/01/1900,00/01/1900,deuda
579,73,modulo 3,sin descripcion,activo,100,00/01/1900,00/01/1900,deuda
580,73,modulo 4,sin descripcion,activo,100,00/01/1900,00/01/1900,deuda
581,73,modulo 5,sin descripcion,activo,100,00/01/1900,00/01/1900,deuda
582,73,modulo 6,sin descripcion,activo,100,00/01/1900,00/01/1900,deuda
583,73,modulo 7,sin descripcion,activo,100,00/01/1900,00/01/1900,deuda
584,73,modulo 8,sin descripcion,activo,100,00/01/1900,00/01/1900,deuda
585,74,modulo 1,sin descripcion,activo,100,00/01/1900,00/01/1900,deuda
586,74,modulo 2,sin descripcion,activo,100,00/01/1900,00/01/1900,deuda
587,74,modulo 3,sin descripcion,activo,100,00/01/1900,00/01/1900,deuda
588,74,modulo 4,sin descripcion,activo,100,00/01/1900,00/01/1900,deuda
589,74,modulo 5,sin descripcion,activo,100,00/01/1900,00/01/1900,deuda
590,74,modulo 6,sin descripcion,activo,100,00/01/1900,00/01/1900,deuda
591,74,modulo 7,sin descripcion,activo,100,00/01/1900,00/01/1900,deuda
592,74,modulo 8,sin descripcion,activo,100,00/01/1900,00/01/1900,deuda
593,75,modulo 1,sin descripcion,activo,100,00/01/1900,00/01/1900,deuda
594,75,modulo 2,sin descripcion,activo,100,00/01/1900,00/01/1900,deuda
595,75,modulo 3,sin descripcion,activo,100,00/01/1900,00/01/1900,deuda
596,75,modulo 4,sin descripcion,activo,100,00/01/1900,00/01/1900,deuda
597,75,modulo 5,sin descripcion,activo,100,00/01/1900,00/01/1900,deuda
598,75,modulo 6,sin descripcion,activo,100,00/01/1900,00/01/1900,deuda
599,75,modulo 7,sin descripcion,activo,100,00/01/1900,00/01/1900,deuda
600,75,modulo 8,sin descripcion,activo,100,00/01/1900,00/01/1900,deuda
601,76,modulo 1,sin descripcion,activo,100,00/01/1900,00/01/1900,deuda
602,76,modulo 2,sin descripcion,activo,100,00/01/1900,00/01/1900,deuda
603,76,modulo 3,sin descripcion,activo,100,00/01/1900,00/01/1900,deuda
604,76,modulo 4,sin descripcion,activo,100,00/01/1900,00/01/1900,deuda
605,76,modulo 5,sin descripcion,activo,100,00/01/1900,00/01/1900,deuda
606,76,modulo 6,sin descripcion,activo,100,00/01/1900,00/01/1900,deuda
607,76,modulo 7,sin descripcion,activo,100,00/01/1900,00/01/1900,deuda
608,76,modulo 8,sin descripcion,activo,100,00/01/1900,00/01/1900,deuda
609,77,modulo 1,sin descripcion,activo,100,00/01/1900,00/01/1900,deuda
610,77,modulo 2,sin descripcion,activo,100,00/01/1900,00/01/1900,deuda
611,77,modulo 3,sin descripcion,activo,100,00/01/1900,00/01/1900,deuda
612,77,modulo 4,sin descripcion,activo,100,00/01/1900,00/01/1900,deuda
613,77,modulo 5,sin descripcion,activo,100,00/01/1900,00/01/1900,deuda
614,77,modulo 6,sin descripcion,activo,100,00/01/1900,00/01/1900,deuda
615,77,modulo 7,sin descripcion,activo,100,00/01/1900,00/01/1900,deuda
616,77,modulo 8,sin descripcion,activo,100,00/01/1900,00/01/1900,deuda
617,78,modulo 1,sin descripcion,activo,100,00/01/1900,00/01/1900,deuda
618,78,modulo 2,sin descripcion,activo,100,00/01/1900,00/01/1900,deuda
619,78,modulo 3,sin descripcion,activo,100,00/01/1900,00/01/1900,deuda
620,78,modulo 4,sin descripcion,activo,100,00/01/1900,00/01/1900,deuda
621,78,modulo 5,sin descripcion,activo,100,00/01/1900,00/01/1900,deuda
622,78,modulo 6,sin descripcion,activo,100,00/01/1900,00/01/1900,deuda
623,78,modulo 7,sin descripcion,activo,100,00/01/1900,00/01/1900,deuda
624,78,modulo 8,sin descripcion,activo,100,00/01/1900,00/01/1900,deuda
625,79,modulo 1,sin descripcion,activo,100,00/01/1900,00/01/1900,deuda
626,79,modulo 2,sin descripcion,activo,100,00/01/1900,00/01/1900,deuda
627,79,modulo 3,sin descripcion,activo,100,00/01/1900,00/01/1900,deuda
628,79,modulo 4,sin descripcion,activo,100,00/01/1900,00/01/1900,deuda
629,79,modulo 5,sin descripcion,activo,100,00/01/1900,00/01/1900,deuda
630,79,modulo 6,sin descripcion,activo,100,00/01/1900,00/01/1900,deuda
631,79,modulo 7,sin descripcion,activo,100,00/01/1900,00/01/1900,deuda
632,79,modulo 8,sin descripcion,activo,100,00/01/1900,00/01/1900,deuda
633,80,modulo 1,sin descripcion,activo,100,00/01/1900,00/01/1900,deuda
634,80,modulo 2,sin descripcion,activo,100,00/01/1900,00/01/1900,deuda
635,80,modulo 3,sin descripcion,activo,100,00/01/1900,00/01/1900,deuda
636,80,modulo 4,sin descripcion,activo,100,00/01/1900,00/01/1900,deuda
637,80,modulo 5,sin descripcion,activo,100,00/01/1900,00/01/1900,deuda
638,80,modulo 6,sin descripcion,activo,100,00/01/1900,00/01/1900,deuda
639,80,modulo 7,sin descripcion,activo,100,00/01/1900,00/01/1900,deuda
640,80,modulo 8,sin descripcion,activo,100,00/01/1900,00/01/1900,deuda
641,81,modulo 1,sin descripcion,activo,100,00/01/1900,00/01/1900,deuda
642,81,modulo 2,sin descripcion,activo,100,00/01/1900,00/01/1900,deuda
643,81,modulo 3,sin descripcion,activo,100,00/01/1900,00/01/1900,deuda
644,81,modulo 4,sin descripcion,activo,100,00/01/1900,00/01/1900,deuda
645,81,modulo 5,sin descripcion,activo,100,00/01/1900,00/01/1900,deuda
646,81,modulo 6,sin descripcion,activo,100,00/01/1900,00/01/1900,deuda
647,81,modulo 7,sin descripcion,activo,100,00/01/1900,00/01/1900,deuda
648,81,modulo 8,sin descripcion,activo,100,00/01/1900,00/01/1900,deuda
649,82,modulo 1,sin descripcion,activo,100,00/01/1900,00/01/1900,deuda
650,82,modulo 2,sin descripcion,activo,100,00/01/1900,00/01/1900,deuda
651,82,modulo 3,sin descripcion,activo,100,00/01/1900,00/01/1900,deuda
652,82,modulo 4,sin descripcion,activo,100,00/01/1900,00/01/1900,deuda
653,82,modulo 5,sin descripcion,activo,100,00/01/1900,00/01/1900,deuda
654,82,modulo 6,sin descripcion,activo,100,00/01/1900,00/01/1900,deuda
655,82,modulo 7,sin descripcion,activo,100,00/01/1900,00/01/1900,deuda
656,82,modulo 8,sin descripcion,activo,100,00/01/1900,00/01/1900,deuda
657,83,modulo 1,sin descripcion,activo,100,00/01/1900,00/01/1900,deuda
658,83,modulo 2,sin descripcion,activo,100,00/01/1900,00/01/1900,deuda
659,83,modulo 3,sin descripcion,activo,100,00/01/1900,00/01/1900,deuda
660,83,modulo 4,sin descripcion,activo,100,00/01/1900,00/01/1900,deuda
661,83,modulo 5,sin descripcion,activo,100,00/01/1900,00/01/1900,deuda
662,83,modulo 6,sin descripcion,activo,100,00/01/1900,00/01/1900,deuda
663,83,modulo 7,sin descripcion,activo,100,00/01/1900,00/01/1900,deuda
664,83,modulo 8,sin descripcion,activo,100,00/01/1900,00/01/1900,deuda
665,84,modulo 1,sin descripcion,activo,100,00/01/1900,00/01/1900,deuda
666,84,modulo 2,sin descripcion,activo,100,00/01/1900,00/01/1900,deuda
667,84,modulo 3,sin descripcion,activo,100,00/01/1900,00/01/1900,deuda
668,84,modulo 4,sin descripcion,activo,100,00/01/1900,00/01/1900,deuda
669,84,modulo 5,sin descripcion,activo,100,00/01/1900,00/01/1900,deuda
670,84,modulo 6,sin descripcion,activo,100,00/01/1900,00/01/1900,deuda
671,84,modulo 7,sin descripcion,activo,100,00/01/1900,00/01/1900,deuda
672,84,modulo 8,sin descripcion,activo,100,00/01/1900,00/01/1900,deuda
673,85,modulo 1,sin descripcion,activo,100,00/01/1900,00/01/1900,deuda
674,85,modulo 2,sin descripcion,activo,100,00/01/1900,00/01/1900,deuda
675,85,modulo 3,sin descripcion,activo,100,00/01/1900,00/01/1900,deuda
676,85,modulo 4,sin descripcion,activo,100,00/01/1900,00/01/1900,deuda
677,85,modulo 5,sin descripcion,activo,100,00/01/1900,00/01/1900,deuda
678,85,modulo 6,sin descripcion,activo,100,00/01/1900,00/01/1900,deuda
679,85,modulo 7,sin descripcion,activo,100,00/01/1900,00/01/1900,deuda
680,85,modulo 8,sin descripcion,activo,100,00/01/1900,00/01/1900,deuda
681,86,modulo 1,sin descripcion,activo,100,00/01/1900,00/01/1900,deuda
682,86,modulo 2,sin descripcion,activo,100,00/01/1900,00/01/1900,deuda
683,86,modulo 3,sin descripcion,activo,100,00/01/1900,00/01/1900,deuda
684,86,modulo 4,sin descripcion,activo,100,00/01/1900,00/01/1900,deuda
685,86,modulo 5,sin descripcion,activo,100,00/01/1900,00/01/1900,deuda
686,86,modulo 6,sin descripcion,activo,100,00/01/1900,00/01/1900,deuda
687,86,modulo 7,sin descripcion,activo,100,00/01/1900,00/01/1900,deuda
688,86,modulo 8,sin descripcion,activo,100,00/01/1900,00/01/1900,deuda
689,87,modulo 1,sin descripcion,activo,100,00/01/1900,00/01/1900,deuda
690,87,modulo 2,sin descripcion,activo,100,00/01/1900,00/01/1900,deuda
691,87,modulo 3,sin descripcion,activo,100,00/01/1900,00/01/1900,deuda
692,87,modulo 4,sin descripcion,activo,100,00/01/1900,00/01/1900,deuda
693,87,modulo 5,sin descripcion,activo,100,00/01/1900,00/01/1900,deuda
694,87,modulo 6,sin descripcion,activo,100,00/01/1900,00/01/1900,deuda
695,87,modulo 7,sin descripcion,activo,100,00/01/1900,00/01/1900,deuda
696,87,modulo 8,sin descripcion,activo,100,00/01/1900,00/01/1900,deuda
697,88,modulo 1,sin descripcion,activo,100,00/01/1900,00/01/1900,deuda
698,88,modulo 2,sin descripcion,activo,100,00/01/1900,00/01/1900,deuda
699,88,modulo 3,sin descripcion,activo,100,00/01/1900,00/01/1900,deuda
700,88,modulo 4,sin descripcion,activo,100,00/01/1900,00/01/1900,deuda
701,88,modulo 5,sin descripcion,activo,100,00/01/1900,00/01/1900,deuda
702,88,modulo 6,sin descripcion,activo,100,00/01/1900,00/01/1900,deuda
703,88,modulo 7,sin descripcion,activo,100,00/01/1900,00/01/1900,deuda
704,88,modulo 8,sin descripcion,activo,100,00/01/1900,00/01/1900,deuda
705,89,modulo 1,sin descripcion,activo,100,00/01/1900,00/01/1900,deuda
706,89,modulo 2,sin descripcion,activo,100,00/01/1900,00/01/1900,deuda
707,89,modulo 3,sin descripcion,activo,100,00/01/1900,00/01/1900,deuda
708,89,modulo 4,sin descripcion,activo,100,00/01/1900,00/01/1900,deuda
709,89,modulo 5,sin descripcion,activo,100,00/01/1900,00/01/1900,deuda
710,89,modulo 6,sin descripcion,activo,100,00/01/1900,00/01/1900,deuda
711,89,modulo 7,sin descripcion,activo,100,00/01/1900,00/01/1900,deuda
712,89,modulo 8,sin descripcion,activo,100,00/01/1900,00/01/1900,deuda
713,90,modulo 1,sin descripcion,activo,100,00/01/1900,00/01/1900,deuda
714,90,modulo 2,sin descripcion,activo,100,00/01/1900,00/01/1900,deuda
715,90,modulo 3,sin descripcion,activo,100,00/01/1900,00/01/1900,deuda
716,90,modulo 4,sin descripcion,activo,100,00/01/1900,00/01/1900,deuda
717,90,modulo 5,sin descripcion,activo,100,00/01/1900,00/01/1900,deuda
718,90,modulo 6,sin descripcion,activo,100,00/01/1900,00/01/1900,deuda
719,90,modulo 7,sin descripcion,activo,100,00/01/1900,00/01/1900,deuda
720,90,modulo 8,sin descripcion,activo,100,00/01/1900,00/01/1900,deuda
721,91,modulo 1,sin descripcion,activo,100,00/01/1900,00/01/1900,deuda
722,91,modulo 2,sin descripcion,activo,100,00/01/1900,00/01/1900,deuda
723,91,modulo 3,sin descripcion,activo,100,00/01/1900,00/01/1900,deuda
724,91,modulo 4,sin descripcion,activo,100,00/01/1900,00/01/1900,deuda
725,91,modulo 5,sin descripcion,activo,100,00/01/1900,00/01/1900,deuda
726,91,modulo 6,sin descripcion,activo,100,00/01/1900,00/01/1900,deuda
727,91,modulo 7,sin descripcion,activo,100,00/01/1900,00/01/1900,deuda
728,91,modulo 8,sin descripcion,activo,100,00/01/1900,00/01/1900,deuda
729,92,modulo 1,sin descripcion,activo,100,00/01/1900,00/01/1900,deuda
730,92,modulo 2,sin descripcion,activo,100,00/01/1900,00/01/1900,deuda
731,92,modulo 3,sin descripcion,activo,100,00/01/1900,00/01/1900,deuda
732,92,modulo 4,sin descripcion,activo,100,00/01/1900,00/01/1900,deuda
733,92,modulo 5,sin descripcion,activo,100,00/01/1900,00/01/1900,deuda
734,92,modulo 6,sin descripcion,activo,100,00/01/1900,00/01/1900,deuda
735,92,modulo 7,sin descripcion,activo,100,00/01/1900,00/01/1900,deuda
736,92,modulo 8,sin descripcion,activo,100,00/01/1900,00/01/1900,deuda
737,93,modulo 1,sin descripcion,activo,100,00/01/1900,00/01/1900,deuda
738,93,modulo 2,sin descripcion,activo,100,00/01/1900,00/01/1900,deuda
739,93,modulo 3,sin descripcion,activo,100,00/01/1900,00/01/1900,deuda
740,93,modulo 4,sin descripcion,activo,100,00/01/1900,00/01/1900,deuda
741,93,modulo 5,sin descripcion,activo,100,00/01/1900,00/01/1900,deuda
742,93,modulo 6,sin descripcion,activo,100,00/01/1900,00/01/1900,deuda
743,93,modulo 7,sin descripcion,activo,100,00/01/1900,00/01/1900,deuda
744,93,modulo 8,sin descripcion,activo,100,00/01/1900,00/01/1900,deuda
745,94,modulo 1,sin descripcion,activo,100,00/01/1900,00/01/1900,deuda
746,94,modulo 2,sin descripcion,activo,100,00/01/1900,00/01/1900,deuda
747,94,modulo 3,sin descripcion,activo,100,00/01/1900,00/01/1900,deuda
748,94,modulo 4,sin descripcion,activo,100,00/01/1900,00/01/1900,deuda
749,94,modulo 5,sin descripcion,activo,100,00/01/1900,00/01/1900,deuda
750,94,modulo 6,sin descripcion,activo,100,00/01/1900,00/01/1900,deuda
751,94,modulo 7,sin descripcion,activo,100,00/01/1900,00/01/1900,deuda
752,94,modulo 8,sin descripcion,activo,100,00/01/1900,00/01/1900,deuda
753,95,modulo 1,sin descripcion,activo,100,00/01/1900,00/01/1900,deuda
754,95,modulo 2,sin descripcion,activo,100,00/01/1900,00/01/1900,deuda
755,95,modulo 3,sin descripcion,activo,100,00/01/1900,00/01/1900,deuda
756,95,modulo 4,sin descripcion,activo,100,00/01/1900,00/01/1900,deuda
757,95,modulo 5,sin descripcion,activo,100,00/01/1900,00/01/1900,deuda
758,95,modulo 6,sin descripcion,activo,100,00/01/1900,00/01/1900,deuda
759,95,modulo 7,sin descripcion,activo,100,00/01/1900,00/01/1900,deuda
760,95,modulo 8,sin descripcion,activo,100,00/01/1900,00/01/1900,deuda
761,96,modulo 1,sin descripcion,activo,100,00/01/1900,00/01/1900,deuda
762,96,modulo 2,sin descripcion,activo,100,00/01/1900,00/01/1900,deuda
763,96,modulo 3,sin descripcion,activo,100,00/01/1900,00/01/1900,deuda
764,96,modulo 4,sin descripcion,activo,100,00/01/1900,00/01/1900,deuda
765,96,modulo 5,sin descripcion,activo,100,00/01/1900,00/01/1900,deuda
766,96,modulo 6,sin descripcion,activo,100,00/01/1900,00/01/1900,deuda
767,96,modulo 7,sin descripcion,activo,100,00/01/1900,00/01/1900,deuda
768,96,modulo 8,sin descripcion,activo,100,00/01/1900,00/01/1900,deuda
769,97,modulo 1,sin descripcion,activo,100,00/01/1900,00/01/1900,deuda
770,97,modulo 2,sin descripcion,activo,100,00/01/1900,00/01/1900,deuda
771,97,modulo 3,sin descripcion,activo,100,00/01/1900,00/01/1900,deuda
772,97,modulo 4,sin descripcion,activo,100,00/01/1900,00/01/1900,deuda
773,97,modulo 5,sin descripcion,activo,100,00/01/1900,00/01/1900,deuda
774,97,modulo 6,sin descripcion,activo,100,00/01/1900,00/01/1900,deuda
775,97,modulo 7,sin descripcion,activo,100,00/01/1900,00/01/1900,deuda
776,97,modulo 8,sin descripcion,activo,100,00/01/1900,00/01/1900,deuda
777,98,modulo 1,sin descripcion,activo,100,00/01/1900,00/01/1900,deuda
778,98,modulo 2,sin descripcion,activo,100,00/01/1900,00/01/1900,deuda
779,98,modulo 3,sin descripcion,activo,100,00/01/1900,00/01/1900,deuda
780,98,modulo 4,sin descripcion,activo,100,00/01/1900,00/01/1900,deuda
781,98,modulo 5,sin descripcion,activo,100,00/01/1900,00/01/1900,deuda
782,98,modulo 6,sin descripcion,activo,100,00/01/1900,00/01/1900,deuda
783,98,modulo 7,sin descripcion,activo,100,00/01/1900,00/01/1900,deuda
784,98,modulo 8,sin descripcion,activo,100,00/01/1900,00/01/1900,deuda
785,99,modulo 1,sin descripcion,activo,100,00/01/1900,00/01/1900,deuda
786,99,modulo 2,sin descripcion,activo,100,00/01/1900,00/01/1900,deuda
787,99,modulo 3,sin descripcion,activo,100,00/01/1900,00/01/1900,deuda
788,99,modulo 4,sin descripcion,activo,100,00/01/1900,00/01/1900,deuda
789,99,modulo 5,sin descripcion,activo,100,00/01/1900,00/01/1900,deuda
790,99,modulo 6,sin descripcion,activo,100,00/01/1900,00/01/1900,deuda
791,99,modulo 7,sin descripcion,activo,100,00/01/1900,00/01/1900,deuda
792,99,modulo 8,sin descripcion,activo,100,00/01/1900,00/01/1900,deuda
793,100,modulo 1,sin descripcion,activo,100,00/01/1900,00/01/1900,deuda
794,100,modulo 2,sin descripcion,activo,100,00/01/1900,00/01/1900,deuda
795,100,modulo 3,sin descripcion,activo,100,00/01/1900,00/01/1900,deuda
796,100,modulo 4,sin descripcion,activo,100,00/01/1900,00/01/1900,deuda
797,100,modulo 5,sin descripcion,activo,100,00/01/1900,00/01/1900,deuda
798,100,modulo 6,sin descripcion,activo,100,00/01/1900,00/01/1900,deuda
799,100,modulo 7,sin descripcion,activo,100,00/01/1900,00/01/1900,deuda
800,100,modulo 8,sin descripcion,activo,100,00/01/1900,00/01/1900,deuda
801,101,modulo 1,sin descripcion,activo,100,00/01/1900,00/01/1900,deuda
802,101,modulo 2,sin descripcion,activo,100,00/01/1900,00/01/1900,deuda
803,101,modulo 3,sin descripcion,activo,100,00/01/1900,00/01/1900,deuda
804,101,modulo 4,sin descripcion,activo,100,00/01/1900,00/01/1900,deuda
805,101,modulo 5,sin descripcion,activo,100,00/01/1900,00/01/1900,deuda
806,101,modulo 6,sin descripcion,activo,100,00/01/1900,00/01/1900,deuda
807,101,modulo 7,sin descripcion,activo,100,00/01/1900,00/01/1900,deuda
808,101,modulo 8,sin descripcion,activo,100,00/01/1900,00/01/1900,deuda
809,102,modulo 1,sin descripcion,activo,100,00/01/1900,00/01/1900,deuda
810,102,modulo 2,sin descripcion,activo,100,00/01/1900,00/01/1900,deuda
811,102,modulo 3,sin descripcion,activo,100,00/01/1900,00/01/1900,deuda
812,102,modulo 4,sin descripcion,activo,100,00/01/1900,00/01/1900,deuda
813,102,modulo 5,sin descripcion,activo,100,00/01/1900,00/01/1900,deuda
814,102,modulo 6,sin descripcion,activo,100,00/01/1900,00/01/1900,deuda
815,102,modulo 7,sin descripcion,activo,100,00/01/1900,00/01/1900,deuda
816,102,modulo 8,sin descripcion,activo,100,00/01/1900,00/01/1900,deuda
817,103,modulo 1,sin descripcion,activo,100,00/01/1900,00/01/1900,deuda
818,103,modulo 2,sin descripcion,activo,100,00/01/1900,00/01/1900,deuda
819,103,modulo 3,sin descripcion,activo,100,00/01/1900,00/01/1900,deuda
820,103,modulo 4,sin descripcion,activo,100,00/01/1900,00/01/1900,deuda
821,103,modulo 5,sin descripcion,activo,100,00/01/1900,00/01/1900,deuda
822,103,modulo 6,sin descripcion,activo,100,00/01/1900,00/01/1900,deuda
823,103,modulo 7,sin descripcion,activo,100,00/01/1900,00/01/1900,deuda
824,103,modulo 8,sin descripcion,activo,100,00/01/1900,00/01/1900,deuda
825,104,modulo 1,sin descripcion,activo,100,00/01/1900,00/01/1900,deuda
826,104,modulo 2,sin descripcion,activo,100,00/01/1900,00/01/1900,deuda
827,104,modulo 3,sin descripcion,activo,100,00/01/1900,00/01/1900,deuda
828,104,modulo 4,sin descripcion,activo,100,00/01/1900,00/01/1900,deuda
829,104,modulo 5,sin descripcion,activo,100,00/01/1900,00/01/1900,deuda
830,104,modulo 6,sin descripcion,activo,100,00/01/1900,00/01/1900,deuda
831,104,modulo 7,sin descripcion,activo,100,00/01/1900,00/01/1900,deuda
832,104,modulo 8,sin descripcion,activo,100,00/01/1900,00/01/1900,deuda
